{
    "mean_fit_time": [
        0.215350341796875,
        0.20390095710754394,
        0.20484566688537598,
        0.20482072830200196,
        0.34146738052368164,
        0.34364662170410154,
        0.40857582092285155,
        0.415667200088501,
        0.36531682014465333,
        0.3611384391784668,
        0.3618957996368408,
        0.35880565643310547,
        0.5869429588317872,
        0.5834003448486328,
        0.5837890625,
        0.5765797615051269,
        0.7115264415740967,
        0.7360194206237793,
        0.7145150184631348,
        0.7286888599395752,
        1.1783942699432373,
        1.2007829666137695,
        1.1779468059539795,
        1.1553232192993164
    ],
    "std_fit_time": [
        0.0077374128964171635,
        0.007637214632361315,
        0.006117315329088672,
        0.009716778564432128,
        0.006488897421623175,
        0.01449916680600145,
        0.01794227892805752,
        0.01946018219951298,
        0.021449439639345865,
        0.010382189440552454,
        0.01076161428225379,
        0.014629047072836828,
        0.01792752496640684,
        0.01109190508268954,
        0.012967403276435465,
        0.007577240410798184,
        0.009328025584417083,
        0.019605274729766774,
        0.009214804227614443,
        0.01687948440781276,
        0.012019262781591607,
        0.015643964431249335,
        0.013125627620233492,
        0.008443021066696569
    ],
    "mean_score_time": [
        0.002631855010986328,
        0.0026088237762451174,
        0.0025338172912597657,
        0.0025608062744140623,
        0.004854393005371094,
        0.0034637451171875,
        0.0050105094909667965,
        0.004647970199584961,
        0.005362987518310547,
        0.006597995758056641,
        0.004400968551635742,
        0.0034356117248535156,
        0.004696464538574219,
        0.00488429069519043,
        0.004859209060668945,
        0.0063111305236816405,
        0.004204797744750977,
        0.0039599895477294925,
        0.00504460334777832,
        0.004342794418334961,
        0.004444551467895508,
        0.005222320556640625,
        0.003480863571166992,
        0.002802467346191406
    ],
    "std_score_time": [
        0.0004314217332784855,
        0.00015910802025294993,
        0.0004492377641676441,
        0.0007019389800904688,
        0.0006090147010642811,
        0.0007112592785832614,
        0.0013068895708356221,
        0.0012462929439134417,
        0.001765495595850918,
        0.0010904427401494086,
        0.0012206296507508772,
        0.001604260074234934,
        0.000528626017833947,
        0.001233224578607761,
        0.0012772348312880993,
        0.0013098662351641885,
        0.0009018870253115328,
        0.0009122541721735718,
        0.001234540607776116,
        0.001342107164895567,
        0.0015139357002001024,
        0.0019081223706615183,
        0.0006256465385310484,
        0.0008751198761745613
    ],
    "param_depth": [
        3,
        3,
        3,
        3,
        3,
        3,
        3,
        3,
        4,
        4,
        4,
        4,
        4,
        4,
        4,
        4,
        6,
        6,
        6,
        6,
        6,
        6,
        6,
        6
    ],
    "param_iterations": [
        300,
        300,
        300,
        300,
        500,
        500,
        500,
        500,
        300,
        300,
        300,
        300,
        500,
        500,
        500,
        500,
        300,
        300,
        300,
        300,
        500,
        500,
        500,
        500
    ],
    "param_l2_leaf_reg": [
        3,
        3,
        7,
        7,
        3,
        3,
        7,
        7,
        3,
        3,
        7,
        7,
        3,
        3,
        7,
        7,
        3,
        3,
        7,
        7,
        3,
        3,
        7,
        7
    ],
    "param_learning_rate": [
        0.001,
        0.01,
        0.001,
        0.01,
        0.001,
        0.01,
        0.001,
        0.01,
        0.001,
        0.01,
        0.001,
        0.01,
        0.001,
        0.01,
        0.001,
        0.01,
        0.001,
        0.01,
        0.001,
        0.01,
        0.001,
        0.01,
        0.001,
        0.01
    ],
    "params": [
        {
            "depth": 3,
            "iterations": 300,
            "l2_leaf_reg": 3,
            "learning_rate": 0.001
        },
        {
            "depth": 3,
            "iterations": 300,
            "l2_leaf_reg": 3,
            "learning_rate": 0.01
        },
        {
            "depth": 3,
            "iterations": 300,
            "l2_leaf_reg": 7,
            "learning_rate": 0.001
        },
        {
            "depth": 3,
            "iterations": 300,
            "l2_leaf_reg": 7,
            "learning_rate": 0.01
        },
        {
            "depth": 3,
            "iterations": 500,
            "l2_leaf_reg": 3,
            "learning_rate": 0.001
        },
        {
            "depth": 3,
            "iterations": 500,
            "l2_leaf_reg": 3,
            "learning_rate": 0.01
        },
        {
            "depth": 3,
            "iterations": 500,
            "l2_leaf_reg": 7,
            "learning_rate": 0.001
        },
        {
            "depth": 3,
            "iterations": 500,
            "l2_leaf_reg": 7,
            "learning_rate": 0.01
        },
        {
            "depth": 4,
            "iterations": 300,
            "l2_leaf_reg": 3,
            "learning_rate": 0.001
        },
        {
            "depth": 4,
            "iterations": 300,
            "l2_leaf_reg": 3,
            "learning_rate": 0.01
        },
        {
            "depth": 4,
            "iterations": 300,
            "l2_leaf_reg": 7,
            "learning_rate": 0.001
        },
        {
            "depth": 4,
            "iterations": 300,
            "l2_leaf_reg": 7,
            "learning_rate": 0.01
        },
        {
            "depth": 4,
            "iterations": 500,
            "l2_leaf_reg": 3,
            "learning_rate": 0.001
        },
        {
            "depth": 4,
            "iterations": 500,
            "l2_leaf_reg": 3,
            "learning_rate": 0.01
        },
        {
            "depth": 4,
            "iterations": 500,
            "l2_leaf_reg": 7,
            "learning_rate": 0.001
        },
        {
            "depth": 4,
            "iterations": 500,
            "l2_leaf_reg": 7,
            "learning_rate": 0.01
        },
        {
            "depth": 6,
            "iterations": 300,
            "l2_leaf_reg": 3,
            "learning_rate": 0.001
        },
        {
            "depth": 6,
            "iterations": 300,
            "l2_leaf_reg": 3,
            "learning_rate": 0.01
        },
        {
            "depth": 6,
            "iterations": 300,
            "l2_leaf_reg": 7,
            "learning_rate": 0.001
        },
        {
            "depth": 6,
            "iterations": 300,
            "l2_leaf_reg": 7,
            "learning_rate": 0.01
        },
        {
            "depth": 6,
            "iterations": 500,
            "l2_leaf_reg": 3,
            "learning_rate": 0.001
        },
        {
            "depth": 6,
            "iterations": 500,
            "l2_leaf_reg": 3,
            "learning_rate": 0.01
        },
        {
            "depth": 6,
            "iterations": 500,
            "l2_leaf_reg": 7,
            "learning_rate": 0.001
        },
        {
            "depth": 6,
            "iterations": 500,
            "l2_leaf_reg": 7,
            "learning_rate": 0.01
        }
    ],