{
    "mean_fit_time": [
        0.0003809928894042969,
        0.0003952503204345703,
        0.0003393650054931641,
        0.00041518211364746096,
        0.0010589122772216796,
        0.0005391597747802735,
        0.0005239963531494141,
        0.0003358364105224609,
        0.00039958953857421875,
        0.00048456192016601565,
        0.000540924072265625,
        0.0005919456481933594,
        0.0007130146026611328,
        0.0005912303924560547,
        0.0006833553314208984,
        0.0007504463195800781
    ],
    "std_fit_time": [
        3.575293087250759e-05,
        6.84548527059573e-05,
        2.808591101011657e-05,
        9.123972194088916e-05,
        0.00037368248628762455,
        0.0003244129146613432,
        0.00025732937724278626,
        5.1992439787242376e-05,
        6.651357062911338e-05,
        0.00025491830430942697,
        0.0003003369127540448,
        0.00032390883048765415,
        0.00023671507703014127,
        0.00028236947773033384,
        0.0002477577412623388,
        0.0003091831989683465
    ],
    "mean_score_time": [
        0.0032319545745849608,
        0.0034230232238769533,
        0.003407192230224609,
        0.00893087387084961,
        0.006298065185546875,
        0.004192256927490234,
        0.0040111541748046875,
        0.004006338119506836,
        0.008775901794433594,
        0.008889913558959961,
        0.008986139297485351,
        0.009684419631958008,
        0.010510683059692383,
        0.010492706298828125,
        0.009702539443969727,
        0.00972437858581543
    ],
    "std_score_time": [
        0.0001147893132451486,
        0.00016971714980049468,
        9.664942241788693e-05,
        0.003173778898488961,
        0.0025757299626035946,
        0.0007995022937250985,
        0.0002529823131567083,
        0.000266490521453376,
        0.0006205038975468911,
        0.0009005511651521333,
        0.0007112893212517799,
        0.0019283384856815943,
        0.00245903390813425,
        0.0017358921894196546,
        0.0006013624329625243,
        0.00033508986173370534
    ],
    "param_metric": [
        "euclidean",
        "euclidean",
        "euclidean",
        "euclidean",
        "euclidean",
        "euclidean",
        "euclidean",
        "euclidean",
        "manhattan",
        "manhattan",
        "manhattan",
        "manhattan",
        "manhattan",
        "manhattan",
        "manhattan",
        "manhattan"
    ],
    "param_n_neighbors": [
        3,
        3,
        5,
        5,
        7,
        7,
        9,
        9,
        3,
        3,
        5,
        5,
        7,
        7,
        9,
        9
    ],
    "param_weights": [
        "uniform",
        "distance",
        "uniform",
        "distance",
        "uniform",
        "distance",
        "uniform",
        "distance",
        "uniform",
        "distance",
        "uniform",
        "distance",
        "uniform",
        "distance",
        "uniform",
        "distance"
    ],
    "params": [
        {
            "metric": "euclidean",
            "n_neighbors": 3,
            "weights": "uniform"
        },
        {
            "metric": "euclidean",
            "n_neighbors": 3,
            "weights": "distance"
        },
        {
            "metric": "euclidean",
            "n_neighbors": 5,
            "weights": "uniform"
        },
        {
            "metric": "euclidean",
            "n_neighbors": 5,
            "weights": "distance"
        },
        {
            "metric": "euclidean",
            "n_neighbors": 7,
            "weights": "uniform"
        },
        {
            "metric": "euclidean",
            "n_neighbors": 7,
            "weights": "distance"
        },
        {
            "metric": "euclidean",
            "n_neighbors": 9,
            "weights": "uniform"
        },
        {
            "metric": "euclidean",
            "n_neighbors": 9,
            "weights": "distance"
        },
        {
            "metric": "manhattan",
            "n_neighbors": 3,
            "weights": "uniform"
        },
        {
            "metric": "manhattan",
            "n_neighbors": 3,
            "weights": "distance"
        },
        {
            "metric": "manhattan",
            "n_neighbors": 5,
            "weights": "uniform"
        },
        {
            "metric": "manhattan",
            "n_neighbors": 5,
            "weights": "distance"
        },
        {
            "metric": "manhattan",
            "n_neighbors": 7,
            "weights": "uniform"
        },
        {
            "metric": "manhattan",
            "n_neighbors": 7,
            "weights": "distance"
        },
        {
            "metric": "manhattan",
            "n_neighbors": 9,
            "weights": "uniform"
        },
        {
            "metric": "manhattan",
            "n_neighbors": 9,
            "weights": "distance"
        }
    ],
    "split0_test_score": [
        -22.902168222884693,
        -22.88338035591568,
        -21.033329192900894,
        -21.051248311091346,
        -20.615289113841893,
        -20.6580465385393,
        -20.559051727676415,
        -20.567182658913715,
        -22.547980206914577,
        -22.503399651847783,
        -21.343981576771228,
        -21.356181492799415,
        -20.758164151243008,
        -20.748725685636078,
        -20.420777200557477,
        -20.40677072320137
    ],
    "split1_test_score": [
        -22.031240899585654,
        -22.23882634685402,
        -20.531791213882205,
        -20.62785796592872,
        -20.448057954106613,
        -20.46156131881409,
        -20.537386120758345,
        -20.50068037652769,
        -21.76615182721478,
        -21.975634589779542,
        -20.718628080776718,
        -20.825333219169394,
        -20.336911304078637,
        -20.37148503049121,
        -20.217389890019835,
        -20.211163985230602
    ],
    "split2_test_score": [
        -23.049111312378468,
        -23.178257845764286,
        -22.129644263626496,
        -22.136194463288287,
        -21.309654566304204,
        -21.304098427749953,
        -21.050986330659292,
        -21.036761150524164,
        -22.488513803911196,
        -22.68428033557574,
        -21.146803361708656,
        -21.281630129517943,
        -20.936714590152736,
        -20.965677329367885,
        -20.669957339734363,
        -20.669379516254455
    ],
    "split3_test_score": [
        -22.17184371744321,
        -22.17450203763407,
        -20.725564534428443,
        -20.829153249746152,
        -20.14428083586418,
        -20.23447899942585,
        -20.238781607707473,
        -20.229493818945564,
        -21.751887386930413,
        -21.763713462086297,
        -20.658217480181676,
        -20.67899907734946,
        -20.235434605518265,
        -20.251356223424192,
        -19.932042922679393,
        -19.95201964151147
    ],
    "split4_test_score": [
        -21.351197769900082,
        -21.453958945429267,
        -20.44999006999309,
        -20.446381965306443,
        -20.120216318249184,
        -20.052983582838447,
        -20.056402507525583,
        -19.932792238516903,
        -21.090187976423216,
        -21.20293226488916,
        -19.773840429794113,
        -19.830063583000793,
        -19.649305988150275,
        -19.594271222638064,
        -19.76535765185099,
        -19.643771947039227
    ],
    "mean_test_score": [
        -22.301112384438422,
        -22.385785106319467,
        -20.974063854966225,
        -21.01816719107219,
        -20.52749975767322,
        -20.542233773473527,
        -20.48852165886542,
        -20.453382048685608,
        -21.92894424027883,
        -22.025992060835705,
        -20.728294185846476,
        -20.7944415003674,
        -20.383306127828583,
        -20.386303098311487,
        -20.201105000968415,
        -20.176621162647425
    ],