{
    "mean_fit_time": [
        0.0012861251831054687,
        0.0011536121368408204,
        0.0011341094970703125,
        0.0009988307952880859
    ],
    "std_fit_time": [
        0.0002312476160649568,
        0.00014588587966624125,
        0.00010189033813194462,
        5.9872711102166014e-05
    ],
    "mean_score_time": [
        0.00022225379943847657,
        0.0002392292022705078,
        0.00033750534057617185,
        0.0002715587615966797
    ],
    "std_score_time": [
        1.4603522354049557e-05,
        3.005761474945517e-05,
        0.00018416217776140754,
        0.00010185011761102209
    ],
    "param_copy_X": [
        true,
        true,
        false,
        false
    ],
    "param_fit_intercept": [
        true,
        false,
        true,
        false
    ],
    "params": [
        {
            "copy_X": true,
            "fit_intercept": true
        },
        {
            "copy_X": true,
            "fit_intercept": false
        },
        {
            "copy_X": false,
            "fit_intercept": true
        },
        {
            "copy_X": false,
            "fit_intercept": false
        }
    ],
    "split0_test_score": [
        -371.1639581698144,
        -52373.71657515668,
        -371.1639581698144,
        -52373.71657515668
    ],
    "split1_test_score": [
        -400.6955901288795,
        -52026.6583464828,
        -400.6955901288795,
        -52026.6583464828
    ],
    "split2_test_score": [
        -415.5294342793061,
        -52098.22459541793,
        -415.5294342793061,
        -52098.22459541793
    ],
    "split3_test_score": [
        -400.3398439330235,
        -53013.88737604112,
        -400.3398439330235,
        -53013.88737604112
    ],
    "split4_test_score": [
        -364.57369115790993,
        -52845.97850693426,
        -364.57369115790993,
        -52845.97850693426
    ],
    "mean_test_score": [
        -390.46050353378666,
        -52471.69308000656,
        -390.46050353378666,
        -52471.69308000656
    ],
    "std_test_score": [
        19.35610173058808,
        395.27161648389495,
        19.35610173058808,
        395.27161648389495
    ],
    "rank_test_score": [
        1,
        3,
        1,
        3
    ]
}