{
    "mean_fit_time": [
        0.0014102935791015625,
        0.0012421607971191406,
        0.0011959552764892578,
        0.0010842323303222657
    ],
    "std_fit_time": [
        0.0004081693319385337,
        0.0002477252791735538,
        9.542956712239081e-05,
        4.642606661582586e-05
    ],
    "mean_score_time": [
        0.0002445220947265625,
        0.00025286674499511717,
        0.00023851394653320312,
        0.00028543472290039064
    ],
    "std_score_time": [
        4.863659540162876e-05,
        2.91201137981725e-05,
        4.303243346553036e-05,
        7.407760020970623e-05
    ],
    "param_copy_X": [
        true,
        true,
        false,
        false
    ],
    "param_fit_intercept": [
        true,
        false,
        true,
        false
    ],
    "params": [
        {
            "copy_X": true,
            "fit_intercept": true
        },
        {
            "copy_X": true,
            "fit_intercept": false
        },
        {
            "copy_X": false,
            "fit_intercept": true
        },
        {
            "copy_X": false,
            "fit_intercept": false
        }
    ],
    "split0_test_score": [
        -373.09970302386716,
        -52553.83680511531,
        -373.09970302386716,
        -52553.83680511531
    ],
    "split1_test_score": [
        -399.1825230589354,
        -51873.695345173,
        -399.1825230589354,
        -51873.695345173
    ],
    "split2_test_score": [
        -411.53214859205764,
        -52118.13052492774,
        -411.53214859205764,
        -52118.13052492774
    ],
    "split3_test_score": [
        -395.3511335522087,
        -52977.176163254066,
        -395.3511335522087,
        -52977.176163254066
    ],
    "split4_test_score": [
        -368.0396218927401,
        -52767.97329368565,
        -368.0396218927401,
        -52767.97329368565
    ],
    "mean_test_score": [
        -389.4410260239618,
        -52458.16242643116,
        -389.4410260239618,
        -52458.16242643116
    ],
    "std_test_score": [
        16.388427428998593,
        407.8566126302028,
        16.388427428998593,
        407.8566126302028
    ],
    "rank_test_score": [
        1,
        3,
        1,
        3
    ]
}