{
    "mean_fit_time": [
        0.0009239673614501953,
        0.0008481979370117187
    ],
    "std_fit_time": [
        5.8187537915868265e-05,
        9.197131966827788e-05
    ],
    "mean_score_time": [
        0.00021791458129882812,
        0.00026226043701171875
    ],
    "std_score_time": [
        1.8855880151575582e-05,
        3.6718628559298526e-05
    ],
    "param_fit_intercept": [
        true,
        false
    ],
    "params": [
        {
            "fit_intercept": true
        },
        {
            "fit_intercept": false
        }
    ],
    "split0_test_score": [
        -19.561441037941375,
        -228.54189777246847
    ],
    "split1_test_score": [
        -20.20069483951793,
        -227.3758928236348
    ],
    "split2_test_score": [
        -20.465898054994597,
        -227.6756933889252
    ],
    "split3_test_score": [
        -20.14774734475785,
        -228.98840296231114
    ],
    "split4_test_score": [
        -19.26544042709257,
        -227.9737095917101
    ],
    "mean_test_score": [
        -19.928244340860864,
        -228.11111930780993
    ],
    "std_test_score": [
        0.44392252711465197,
        0.583820492962747
    ],
    "rank_test_score": [
        1,
        2
    ]
}