{
    "mean_fit_time": [
        0.0015058040618896485,
        0.002731513977050781,
        0.00132598876953125,
        0.001130390167236328
    ],
    "std_fit_time": [
        0.000723656693016577,
        0.001538298676777425,
        0.0001730605299316213,
        0.00010286897211895396
    ],
    "mean_score_time": [
        0.0002692222595214844,
        0.0003329277038574219,
        0.00030875205993652344,
        0.0002654075622558594
    ],
    "std_score_time": [
        8.416120458750275e-05,
        0.00010602864242612839,
        4.532186058169517e-05,
        2.9806098698736374e-05
    ],
    "param_copy_X": [
        true,
        true,
        false,
        false
    ],
    "param_fit_intercept": [
        true,
        false,
        true,
        false
    ],
    "params": [
        {
            "copy_X": true,
            "fit_intercept": true
        },
        {
            "copy_X": true,
            "fit_intercept": false
        },
        {
            "copy_X": false,
            "fit_intercept": true
        },
        {
            "copy_X": false,
            "fit_intercept": false
        }
    ],
    "split0_test_score": [
        -370.2411378702303,
        -52479.45243273012,
        -370.2411378702303,
        -52479.45243273012
    ],
    "split1_test_score": [
        -399.802858180776,
        -51907.22498786448,
        -399.802858180776,
        -51907.22498786448
    ],
    "split2_test_score": [
        -405.56930864782225,
        -51698.80428932306,
        -405.56930864782225,
        -51698.80428932306
    ],
    "split3_test_score": [
        -397.3069283875785,
        -52864.63121686857,
        -397.3069283875785,
        -52864.63121686857
    ],
    "split4_test_score": [
        -370.74677176790243,
        -52644.582903543975,
        -370.74677176790243,
        -52644.582903543975
    ],
    "mean_test_score": [
        -388.7334009708619,
        -52318.93916606605,
        -388.7334009708619,
        -52318.93916606605
    ],
    "std_test_score": [
        15.13253889644549,
        443.5457128026511,
        15.13253889644549,
        443.5457128026511
    ],
    "rank_test_score": [
        1,
        3,
        1,
        3
    ]
}