{
    "mean_fit_time": [
        0.002587699890136719,
        0.003930139541625977,
        0.0010249614715576172,
        0.002798128128051758,
        0.0007445812225341797,
        0.001985788345336914,
        0.0008385658264160156,
        0.0016985893249511718,
        0.0011374950408935547,
        0.0020222187042236326,
        0.0010237693786621094,
        0.0018308162689208984,
        0.001417255401611328,
        0.0035114288330078125,
        0.0012007713317871093,
        0.001801776885986328
    ],
    "std_fit_time": [
        0.0015178114112802908,
        0.0011554720674107051,
        0.00022250848670603022,
        0.0005485061457971943,
        6.895451119420068e-05,
        0.00038422637544492324,
        0.00015158970497414093,
        0.00014680278960264574,
        0.0007321627352163355,
        0.0005631756996057029,
        0.0003131707674733903,
        0.00047829514763987694,
        0.0006365842247379573,
        0.001339649237380038,
        0.00026812051801960616,
        0.00033532026403035857
    ],
    "mean_score_time": [
        0.0005083084106445312,
        0.0004691600799560547,
        0.0002665519714355469,
        0.00034704208374023435,
        0.00030264854431152346,
        0.00031566619873046875,
        0.00033702850341796873,
        0.0004330158233642578,
        0.0002911090850830078,
        0.00030188560485839845,
        0.00025582313537597656,
        0.0002575397491455078,
        0.00046811103820800783,
        0.0006597518920898437,
        0.0003551959991455078,
        0.0002604007720947266
    ],
    "std_score_time": [
        0.000245723908319266,
        0.00020542543242688823,
        3.601683346907009e-05,
        7.631429758409165e-05,
        9.177246151150588e-05,
        7.806087890256487e-05,
        0.00014394588401197672,
        0.00039164146755086155,
        4.571697236302655e-05,
        0.000137446058987701,
        5.3586823211566356e-05,
        6.363273514454005e-05,
        0.0002331383899279241,
        0.00047026693483674924,
        0.00012688092912144724,
        3.327264316691072e-05
    ],
    "param_alpha": [
        0.01,
        0.01,
        0.01,
        0.01,
        0.1,
        0.1,
        0.1,
        0.1,
        1.0,
        1.0,
        1.0,
        1.0,
        10.0,
        10.0,
        10.0,
        10.0
    ],
    "param_solver": [
        "auto",
        "svd",
        "cholesky",
        "lsqr",
        "auto",
        "svd",
        "cholesky",
        "lsqr",
        "auto",
        "svd",
        "cholesky",
        "lsqr",
        "auto",
        "svd",
        "cholesky",
        "lsqr"
    ],
    "params": [
        {
            "alpha": 0.01,
            "solver": "auto"
        },
        {
            "alpha": 0.01,
            "solver": "svd"
        },
        {
            "alpha": 0.01,
            "solver": "cholesky"
        },
        {
            "alpha": 0.01,
            "solver": "lsqr"
        },
        {
            "alpha": 0.1,
            "solver": "auto"
        },
        {
            "alpha": 0.1,
            "solver": "svd"
        },
        {
            "alpha": 0.1,
            "solver": "cholesky"
        },
        {
            "alpha": 0.1,
            "solver": "lsqr"
        },
        {
            "alpha": 1,
            "solver": "auto"
        },
        {
            "alpha": 1,
            "solver": "svd"
        },
        {
            "alpha": 1,
            "solver": "cholesky"
        },
        {
            "alpha": 1,
            "solver": "lsqr"
        },
        {
            "alpha": 10,
            "solver": "auto"
        },
        {
            "alpha": 10,
            "solver": "svd"
        },
        {
            "alpha": 10,
            "solver": "cholesky"
        },
        {
            "alpha": 10,
            "solver": "lsqr"
        }
    ],
    "split0_test_score": [
        -370.2888475564673,
        -370.28884755646044,
        -370.2888475564673,
        -371.2596129690996,
        -370.61199864579396,
        -370.6119986457914,
        -370.61199864579396,
        -371.286953983445,
        -371.4186867273622,
        -371.4186867273631,
        -371.4186867273622,
        -371.49830407309423,
        -372.6558659453724,
        -372.6558659453731,
        -372.6558659453724,
        -372.6078698706093
    ],
    "split1_test_score": [
        -399.7826606096917,
        -399.7826606097012,
        -399.7826606096917,
        -399.82892443625127,
        -399.74610244925805,
        -399.7461024492588,
        -399.74610244925805,
        -399.8327535562555,
        -399.8939373461171,
        -399.89393734611707,
        -399.8939373461171,
        -399.84539121337934,
        -399.4086382074714,
        -399.4086382074719,
        -399.4086382074714,
        -399.4968360688671
    ],
    "split2_test_score": [
        -405.46389888361426,
        -405.4638988835573,
        -405.46389888361426,
        -404.80708105445746,
        -404.9676698589541,
        -404.96766985893026,
        -404.9676698589541,
        -404.7667761059767,
        -404.35967604981107,
        -404.3596760498117,
        -404.35967604981107,
        -404.22941064649996,
        -403.68892380735633,
        -403.68892380735684,
        -403.68892380735633,
        -403.6267590338091
    ],
    "split3_test_score": [
        -397.38762716753405,
        -397.38762716754303,
        -397.38762716753405,
        -398.88745370937085,
        -397.8737396307733,
        -397.8737396307841,
        -397.8737396307733,
        -398.88478486657976,
        -398.6994555820851,
        -398.69945558208815,
        -398.6994555820851,
        -398.90211288044253,
        -399.18275529991234,
        -399.18275529991297,
        -399.18275529991234,
        -399.2799173743765
    ],
    "split4_test_score": [
        -370.56312630891443,
        -370.56312630897776,
        -370.56312630891443,
        -369.34051398145596,
        -369.7280826527694,
        -369.72808265278996,
        -369.7280826527694,
        -369.2898365669324,
        -368.83096099149753,
        -368.8309609914999,
        -368.83096099149753,
        -368.8985214443479,
        -367.68277365222644,
        -367.68277365222684,
        -367.68277365222644,
        -367.6768731592696
    ],
    "mean_test_score": [
        -388.6972321052443,
        -388.69723210524796,
        -388.6972321052443,
        -388.824717230127,
        -388.5855186475098,
        -388.58551864751087,
        -388.5855186475098,
        -388.8122210158379,
        -388.64054333937463,
        -388.640543339376,
        -388.64054333937463,
        -388.6747480515528,
        -388.5237913824677,
        -388.52379138246835,
        -388.5237913824677,
        -388.5376511013863
    ],
    "std_test_score": [
        15.147575522511284,
        15.147575522487612,
        15.147575522511284,
        15.270587801624243,
        15.217456237441379,
        15.21745623743318,
        15.217456237441379,
        15.269020841255621,
        15.25728431476513,
        15.257284314764842,
        15.25728431476513,
        15.214855602333955,
        15.153967938273036,
        15.15396793827304,
        15.153967938273036,
        15.17966524293802
    ],
    "rank_test_score": [
        12,
        14,
        12,
        16,
        5,
        7,
        5,
        15,
        8,
        10,
        8,
        11,
        1,
        3,
        1,
        4
    ]
}