{
    "mean_fit_time": [
        0.0008769989013671875,
        0.00232548713684082,
        0.001158285140991211,
        0.00206141471862793,
        0.0011794567108154297,
        0.0019330501556396485,
        0.0014145851135253906,
        0.002144622802734375,
        0.0012568950653076172,
        0.0018299579620361327,
        0.0013003826141357421,
        0.002801179885864258,
        0.0010017871856689454,
        0.002176189422607422,
        0.0014531612396240234,
        0.003892040252685547
    ],
    "std_fit_time": [
        0.00010694072351381837,
        0.00035295022622838156,
        0.00019699033519900692,
        0.0003033592654899344,
        0.0005635366561499715,
        0.00029836998411833445,
        0.0008014831724213348,
        0.0005173052340604975,
        0.0005079064381179029,
        0.00021348157736827354,
        0.0005682999064431891,
        0.000861165518245149,
        0.0003201685593192417,
        0.0006152245447377761,
        0.0004756150558871486,
        0.0006446747666347123
    ],
    "mean_score_time": [
        0.00021219253540039062,
        0.00026197433471679686,
        0.0003223896026611328,
        0.00022597312927246093,
        0.0004669189453125,
        0.0002747058868408203,
        0.0003237724304199219,
        0.0002277374267578125,
        0.00042028427124023436,
        0.00022721290588378906,
        0.0003079891204833984,
        0.0002384185791015625,
        0.000308990478515625,
        0.000337982177734375,
        0.0003412723541259766,
        0.00036220550537109376
    ],
    "std_score_time": [
        7.700587935709514e-06,
        2.979656163805156e-05,
        7.753794472093508e-05,
        5.680969942924567e-06,
        0.0001579552578200917,
        8.062883486146426e-05,
        0.0001455405901877166,
        3.07541114761625e-05,
        0.0001176010752662645,
        2.2126991104348363e-05,
        0.00010790303369815868,
        9.566499065274657e-06,
        7.755415929785575e-05,
        0.0001768448560006548,
        9.292779393854297e-05,
        0.00015233849469486763
    ],
    "param_alpha": [
        0.01,
        0.01,
        0.01,
        0.01,
        0.1,
        0.1,
        0.1,
        0.1,
        1.0,
        1.0,
        1.0,
        1.0,
        10.0,
        10.0,
        10.0,
        10.0
    ],
    "param_solver": [
        "auto",
        "svd",
        "cholesky",
        "lsqr",
        "auto",
        "svd",
        "cholesky",
        "lsqr",
        "auto",
        "svd",
        "cholesky",
        "lsqr",
        "auto",
        "svd",
        "cholesky",
        "lsqr"
    ],
    "params": [
        {
            "alpha": 0.01,
            "solver": "auto"
        },
        {
            "alpha": 0.01,
            "solver": "svd"
        },
        {
            "alpha": 0.01,
            "solver": "cholesky"
        },
        {
            "alpha": 0.01,
            "solver": "lsqr"
        },
        {
            "alpha": 0.1,
            "solver": "auto"
        },
        {
            "alpha": 0.1,
            "solver": "svd"
        },
        {
            "alpha": 0.1,
            "solver": "cholesky"
        },
        {
            "alpha": 0.1,
            "solver": "lsqr"
        },
        {
            "alpha": 1,
            "solver": "auto"
        },
        {
            "alpha": 1,
            "solver": "svd"
        },
        {
            "alpha": 1,
            "solver": "cholesky"
        },
        {
            "alpha": 1,
            "solver": "lsqr"
        },
        {
            "alpha": 10,
            "solver": "auto"
        },
        {
            "alpha": 10,
            "solver": "svd"
        },
        {
            "alpha": 10,
            "solver": "cholesky"
        },
        {
            "alpha": 10,
            "solver": "lsqr"
        }
    ],
    "split0_test_score": [
        -373.13533914304156,
        -373.1353391430368,
        -373.13533914304156,
        -373.86965836549433,
        -373.3832373371269,
        -373.3832373371249,
        -373.3832373371269,
        -373.89435497837104,
        -374.042044357625,
        -374.0420443576256,
        -374.042044357625,
        -374.1117156453608,
        -375.15876925917445,
        -375.15876925917496,
        -375.15876925917445,
        -375.2157576341046
    ],
    "split1_test_score": [
        -399.17773563338125,
        -399.1777356333828,
        -399.17773563338125,
        -399.57942969951944,
        -399.21309893720274,
        -399.21309893720075,
        -399.21309893720274,
        -399.574840505412,
        -399.42042230795124,
        -399.4204223079506,
        -399.42042230795124,
        -399.52293116007775,
        -398.9326888276474,
        -398.93268882764744,
        -398.9326888276474,
        -399.05247304233666
    ],
    "split2_test_score": [
        -411.437766193727,
        -411.4377661936843,
        -411.437766193727,
        -410.94413505540007,
        -410.99956164458325,
        -410.99956164456466,
        -410.99956164458325,
        -410.55061219021667,
        -410.47411301922193,
        -410.47411301922267,
        -410.47411301922193,
        -410.355023166109,
        -409.87499350716075,
        -409.87499350716104,
        -409.87499350716075,
        -409.82594461998076
    ],
    "split3_test_score": [
        -395.4190615504288,
        -395.41906155044177,
        -395.4190615504288,
        -396.70212277902806,
        -395.82962153128403,
        -395.82962153129665,
        -395.82962153128403,
        -396.70153147143037,
        -396.5442081077168,
        -396.5442081077201,
        -396.5442081077168,
        -396.7099572054696,
        -397.0911101898628,
        -397.09111018986346,
        -397.0911101898628,
        -397.2070453105284
    ],
    "split4_test_score": [
        -367.865638774559,
        -367.8656387746216,
        -367.865638774559,
        -366.6855157839156,
        -367.07295923541596,
        -367.0729592354371,
        -367.07295923541596,
        -366.63842964387675,
        -366.213671614356,
        -366.21367161435796,
        -366.213671614356,
        -366.17022617552783,
        -365.207247486258,
        -365.20724748625815,
        -365.207247486258,
        -365.0917894110205
    ],
    "mean_test_score": [
        -389.4071082590275,
        -389.40710825903346,
        -389.4071082590275,
        -389.55617233667147,
        -389.2996957371226,
        -389.2996957371248,
        -389.2996957371226,
        -389.4719537578614,
        -389.3388918813742,
        -389.3388918813754,
        -389.3388918813742,
        -389.37397067050904,
        -389.25296185402067,
        -389.252961854021,
        -389.25296185402067,
        -389.2786020035942
    ],
    "std_test_score": [
        16.40587704706116,
        16.40587704703534,
        16.40587704706116,
        16.601860720210112,
        16.487335368709395,
        16.487335368699945,
        16.487335368709395,
        16.508642361241986,
        16.547028535493997,
        16.547028535493723,
        16.547028535493997,
        16.543112453973734,
        16.47570646423624,
        16.475706464236247,
        16.47570646423624,
        16.512707543568865
    ],
    "rank_test_score": [
        12,
        14,
        12,
        16,
        5,
        7,
        5,
        15,
        8,
        10,
        8,
        11,
        1,
        3,
        1,
        4
    ]
}