{
    "mean_fit_time": [
        0.0012488842010498046,
        0.001865386962890625,
        0.0006764411926269531,
        0.001562643051147461,
        0.0010907649993896484,
        0.0015670299530029298,
        0.0011497020721435546,
        0.0014997959136962891,
        0.0012228965759277343,
        0.0017487525939941407,
        0.001087522506713867,
        0.0015221595764160155,
        0.0010887622833251954,
        0.002002573013305664,
        0.0007276535034179688,
        0.0018297672271728516
    ],
    "std_fit_time": [
        0.0004982320253135008,
        0.0004954126269060064,
        7.456906875339788e-05,
        5.0921297015115745e-05,
        0.0005462802861082562,
        7.480670820828287e-05,
        0.0005126440871993408,
        4.225180845591723e-05,
        0.0006559625302086557,
        0.0004074546703386557,
        0.00045777034257955715,
        5.461806960034552e-05,
        0.00048504895774445045,
        0.0007584757252799565,
        9.366057747139581e-05,
        0.0008758121656365222
    ],
    "mean_score_time": [
        0.0003290653228759766,
        0.00024361610412597655,
        0.0002101898193359375,
        0.00020918846130371093,
        0.0003170013427734375,
        0.00022597312927246093,
        0.0003699779510498047,
        0.00019807815551757811,
        0.0003429889678955078,
        0.00021796226501464845,
        0.00033698081970214846,
        0.00021686553955078126,
        0.00032367706298828123,
        0.00031142234802246095,
        0.00026459693908691405,
        0.0002697944641113281
    ],
    "std_score_time": [
        0.00013215371293728078,
        3.212353939992575e-05,
        1.1938654119637794e-05,
        8.958449223188307e-06,
        0.00013704606864427946,
        2.7336288689052143e-05,
        0.00020499358650398318,
        3.806940776102461e-06,
        0.00016527705561036012,
        2.468266843211272e-05,
        0.00012546206357092477,
        2.9389807088415474e-05,
        0.00013727516532404928,
        0.00013758841840126628,
        0.00010213595920492299,
        0.00011066799772608178
    ],
    "param_alpha": [
        0.01,
        0.01,
        0.01,
        0.01,
        0.1,
        0.1,
        0.1,
        0.1,
        1.0,
        1.0,
        1.0,
        1.0,
        10.0,
        10.0,
        10.0,
        10.0
    ],
    "param_solver": [
        "auto",
        "svd",
        "cholesky",
        "lsqr",
        "auto",
        "svd",
        "cholesky",
        "lsqr",
        "auto",
        "svd",
        "cholesky",
        "lsqr",
        "auto",
        "svd",
        "cholesky",
        "lsqr"
    ],
    "params": [
        {
            "alpha": 0.01,
            "solver": "auto"
        },
        {
            "alpha": 0.01,
            "solver": "svd"
        },
        {
            "alpha": 0.01,
            "solver": "cholesky"
        },
        {
            "alpha": 0.01,
            "solver": "lsqr"
        },
        {
            "alpha": 0.1,
            "solver": "auto"
        },
        {
            "alpha": 0.1,
            "solver": "svd"
        },
        {
            "alpha": 0.1,
            "solver": "cholesky"
        },
        {
            "alpha": 0.1,
            "solver": "lsqr"
        },
        {
            "alpha": 1,
            "solver": "auto"
        },
        {
            "alpha": 1,
            "solver": "svd"
        },
        {
            "alpha": 1,
            "solver": "cholesky"
        },
        {
            "alpha": 1,
            "solver": "lsqr"
        },
        {
            "alpha": 10,
            "solver": "auto"
        },
        {
            "alpha": 10,
            "solver": "svd"
        },
        {
            "alpha": 10,
            "solver": "cholesky"
        },
        {
            "alpha": 10,
            "solver": "lsqr"
        }
    ],
    "split0_test_score": [
        -371.1936036149242,
        -371.19360361492477,
        -371.1936036149242,
        -371.72848712589155,
        -371.39288299249654,
        -371.39288299249966,
        -371.39288299249654,
        -371.7540298798839,
        -371.9520272310172,
        -371.952027231019,
        -371.9520272310172,
        -371.9889788268904,
        -373.11042943861514,
        -373.1104294386155,
        -373.11042943861514,
        -373.0736841555255
    ],
    "split1_test_score": [
        -400.78699165795757,
        -400.7869916579821,
        -400.78699165795757,
        -400.3927988396668,
        -400.5150904342296,
        -400.51509043424045,
        -400.5150904342296,
        -400.38887573308176,
        -400.3527856707068,
        -400.3527856707085,
        -400.3527856707068,
        -400.3707917802555,
        -400.16509567894184,
        -400.1650956789422,
        -400.16509567894184,
        -400.26442238364444
    ],
    "split2_test_score": [
        -415.97819863465566,
        -415.97819863466094,
        -415.97819863465566,
        -415.20538022905583,
        -415.5370168769255,
        -415.53701687692,
        -415.5370168769255,
        -415.13018069303763,
        -414.62891859562814,
        -414.628918595625,
        -414.62891859562814,
        -414.55168163379983,
        -412.96304296126414,
        -412.9630429612642,
        -412.96304296126414,
        -412.96130325090303
    ],
    "split3_test_score": [
        -400.4752979220115,
        -400.47529792200686,
        -400.4752979220115,
        -400.96117269866545,
        -400.61469469880524,
        -400.6146946988028,
        -400.61469469880524,
        -400.9765535226394,
        -401.0614400330194,
        -401.0614400330205,
        -401.0614400330194,
        -401.1200131324837,
        -401.80258794799516,
        -401.80258794799545,
        -401.80258794799516,
        -401.94176543306565
    ],
    "split4_test_score": [
        -364.12780733759666,
        -364.12780733760434,
        -364.12780733759666,
        -363.6688054824405,
        -363.87649507063486,
        -363.87649507063725,
        -363.87649507063486,
        -363.664352297984,
        -363.7408492701683,
        -363.74084927016776,
        -363.7408492701683,
        -363.6579026212413,
        -363.9159611195515,
        -363.91596111955107,
        -363.9159611195515,
        -364.1024616845023
    ],
    "mean_test_score": [
        -390.5123798334292,
        -390.5123798334358,
        -390.5123798334292,
        -390.39132887514404,
        -390.38723601461834,
        -390.38723601462004,
        -390.38723601461834,
        -390.3827984253253,
        -390.347204160108,
        -390.34720416010816,
        -390.347204160108,
        -390.33787359893415,
        -390.3914234292735,
        -390.39142342927363,
        -390.3914234292735,
        -390.4687273815282
    ],
    "std_test_score": [
        19.609671555484834,
        19.60967155548613,
        19.609671555484834,
        19.441620627564387,
        19.510462095151162,
        19.510462095149354,
        19.510462095151162,
        19.42003367779889,
        19.239484517084836,
        19.23948451708417,
        19.239484517084836,
        19.244351225382545,
        18.626863455949255,
        18.626863455949408,
        18.626863455949255,
        18.607899976014277
    ],
    "rank_test_score": [
        14,
        16,
        14,
        9,
        6,
        8,
        6,
        5,
        2,
        4,
        2,
        1,
        10,
        12,
        10,
        13
    ]
}