{
    "mean_fit_time": [
        0.14556527137756348,
        0.1782231330871582,
        0.18393297195434571,
        0.28026347160339354,
        0.17476334571838378,
        0.1858583450317383,
        0.2114417552947998,
        0.25263638496398927,
        0.19031143188476562,
        0.1871047019958496,
        0.2207401752471924,
        0.23537921905517578,
        0.18522424697875978,
        0.18379945755004884,
        0.21666760444641114,
        0.24374856948852539,
        0.32932868003845217,
        0.20462274551391602,
        0.21523051261901854,
        0.2734840393066406,
        0.3222900390625,
        0.2057401180267334,
        0.24192485809326172,
        0.26752796173095705,
        1.48142728805542,
        0.625751543045044,
        0.30212888717651365,
        0.2728883266448975,
        1.1456395626068114,
        0.43074874877929686,
        0.22674665451049805,
        0.20929770469665526
    ],
    "std_fit_time": [
        0.014015614412408455,
        0.016863990752762528,
        0.02878047372588353,
        0.008934813461453623,
        0.008565285633801335,
        0.013005995684497425,
        0.006882107340759027,
        0.009509864380212327,
        0.009924326045491243,
        0.0065151141495844835,
        0.012819874073458986,
        0.013417239181182301,
        0.010853798423746536,
        0.006189694672892351,
        0.009087393128639777,
        0.01328468237998067,
        0.019146867477830364,
        0.015117017674498367,
        0.011002647662743243,
        0.006613235034552147,
        0.026200992218573006,
        0.010743386102010165,
        0.012028101508052814,
        0.014660757980013935,
        0.2998332844032418,
        0.12977030489516556,
        0.01081261223161115,
        0.011958022214358663,
        0.1865977342198042,
        0.04963234399091209,
        0.017042581362497956,
        0.022347787630080374
    ],
    "mean_score_time": [
        0.034925985336303714,
        0.035103559494018555,
        0.07457485198974609,
        0.0468696117401123,
        0.030141830444335938,
        0.0331606388092041,
        0.08218865394592285,
        0.04907989501953125,
        0.038891839981079104,
        0.03626904487609863,
        0.08165664672851562,
        0.046824407577514646,
        0.03451976776123047,
        0.035642242431640624,
        0.07403354644775391,
        0.051777076721191403,
        0.03464012145996094,
        0.03881516456604004,
        0.08550443649291992,
        0.046368741989135744,
        0.03188681602478027,
        0.032907962799072266,
        0.08417034149169922,
        0.0492098331451416,
        0.03546600341796875,
        0.0383969783782959,
        0.06885204315185547,
        0.04863924980163574,
        0.021744394302368165,
        0.027012014389038087,
        0.061853885650634766,
        0.040477943420410153
    ],
    "std_score_time": [
        0.002674427359686865,
        0.013543469420909011,
        0.01339077976954903,
        0.0036808810660080614,
        0.003146871560160364,
        0.0076939432326839806,
        0.012720639064117262,
        0.010666120195956795,
        0.005176489305011994,
        0.003345748845507082,
        0.00789461916230309,
        0.0047291693005349815,
        0.004240045831152405,
        0.006458987461522808,
        0.004106758499422053,
        0.005587562953537246,
        0.00550677184731137,
        0.007769007007848805,
        0.012174641869895149,
        0.008542334329780753,
        0.004674047146904748,
        0.005546801965924337,
        0.006924047706390325,
        0.008541637191400366,
        0.013850216919056895,
        0.005718890592917919,
        0.012917980699980298,
        0.0035957212138563155,
        0.001445455666324298,
        0.003695693645906826,
        0.005055229225039287,
        0.011106376334132593
    ],
    "param_C": [
        0.1,
        0.1,
        0.1,
        0.1,
        0.1,
        0.1,
        0.1,
        0.1,
        1.0,
        1.0,
        1.0,
        1.0,
        1.0,
        1.0,
        1.0,
        1.0,
        10.0,
        10.0,
        10.0,
        10.0,
        10.0,
        10.0,
        10.0,
        10.0,
        100.0,
        100.0,
        100.0,
        100.0,
        100.0,
        100.0,
        100.0,
        100.0
    ],
    "param_gamma": [
        "scale",
        "scale",
        "scale",
        "scale",
        "auto",
        "auto",
        "auto",
        "auto",
        "scale",
        "scale",
        "scale",
        "scale",
        "auto",
        "auto",
        "auto",
        "auto",
        "scale",
        "scale",
        "scale",
        "scale",
        "auto",
        "auto",
        "auto",
        "auto",
        "scale",
        "scale",
        "scale",
        "scale",
        "auto",
        "auto",
        "auto",
        "auto"
    ],
    "param_kernel": [
        "linear",
        "poly",
        "rbf",
        "sigmoid",
        "linear",
        "poly",
        "rbf",
        "sigmoid",
        "linear",
        "poly",
        "rbf",
        "sigmoid",
        "linear",
        "poly",
        "rbf",
        "sigmoid",
        "linear",
        "poly",
        "rbf",
        "sigmoid",
        "linear",
        "poly",
        "rbf",
        "sigmoid",
        "linear",
        "poly",
        "rbf",
        "sigmoid",
        "linear",
        "poly",
        "rbf",
        "sigmoid"
    ],
    "params": [
        {
            "C": 0.1,
            "gamma": "scale",
            "kernel": "linear"
        },
        {
            "C": 0.1,
            "gamma": "scale",
            "kernel": "poly"
        },
        {
            "C": 0.1,
            "gamma": "scale",
            "kernel": "rbf"
        },
        {
            "C": 0.1,
            "gamma": "scale",
            "kernel": "sigmoid"
        },
        {
            "C": 0.1,
            "gamma": "auto",
            "kernel": "linear"
        },
        {
            "C": 0.1,
            "gamma": "auto",
            "kernel": "poly"
        },
        {
            "C": 0.1,
            "gamma": "auto",
            "kernel": "rbf"
        },
        {
            "C": 0.1,
            "gamma": "auto",
            "kernel": "sigmoid"
        },
        {
            "C": 1,
            "gamma": "scale",
            "kernel": "linear"
        },
        {
            "C": 1,
            "gamma": "scale",
            "kernel": "poly"
        },
        {
            "C": 1,
            "gamma": "scale",
            "kernel": "rbf"
        },
        {
            "C": 1,
            "gamma": "scale",
            "kernel": "sigmoid"
        },
        {
            "C": 1,
            "gamma": "auto",
            "kernel": "linear"
        },
        {
            "C": 1,
            "gamma": "auto",
            "kernel": "poly"
        },
        {
            "C": 1,
            "gamma": "auto",
            "kernel": "rbf"
        },
        {
            "C": 1,
            "gamma": "auto",
            "kernel": "sigmoid"
        },
        {
            "C": 10,
            "gamma": "scale",
            "kernel": "linear"
        },
        {
            "C": 10,
            "gamma": "scale",
            "kernel": "poly"
        },
        {
            "C": 10,
            "gamma": "scale",
            "kernel": "rbf"
        },
        {
            "C": 10,
            "gamma": "scale",
            "kernel": "sigmoid"
        },
        {
            "C": 10,
            "gamma": "auto",
            "kernel": "linear"
        },
        {
            "C": 10,
            "gamma": "auto",
            "kernel": "poly"
        },
        {
            "C": 10,
            "gamma": "auto",
            "kernel": "rbf"
        },
        {
            "C": 10,
            "gamma": "auto",
            "kernel": "sigmoid"
        },
        {
            "C": 100,
            "gamma": "scale",