{
    "mean_fit_time": [
        0.10228161811828614,
        0.12130355834960938,
        0.14629087448120118,
        0.10884370803833007,
        0.11850666999816895,
        0.1483407974243164,
        0.11074299812316894,
        0.1277857780456543,
        0.14420819282531738,
        0.1179286003112793,
        0.12820682525634766,
        0.14080309867858887,
        0.13535337448120116,
        0.13284683227539062,
        0.14662108421325684,
        0.12129683494567871,
        0.13182058334350585,
        0.12495784759521485
    ],
    "std_fit_time": [
        0.0031116517484208275,
        0.003544240556120039,
        0.005434509689706204,
        0.00489538797971545,
        0.004914560424486662,
        0.018241811731217666,
        0.007613455129450283,
        0.011940525424148005,
        0.014093477923556762,
        0.01778775500428101,
        0.004824268809874575,
        0.006332628510896239,
        0.01067387063099744,
        0.00814877887165392,
        0.011035920149143492,
        0.006533208588784662,
        0.008543583461769451,
        0.006812019508934512
    ],
    "mean_score_time": [
        0.019163036346435548,
        0.020462656021118165,
        0.06489181518554688,
        0.02389206886291504,
        0.02474102973937988,
        0.05752158164978027,
        0.0189178466796875,
        0.02613201141357422,
        0.059043169021606445,
        0.02021932601928711,
        0.02181243896484375,
        0.054378509521484375,
        0.019749879837036133,
        0.022908639907836915,
        0.06095561981201172,
        0.016688776016235352,
        0.02466745376586914,
        0.04342775344848633
    ],
    "std_score_time": [
        0.0033727036885210287,
        0.0018627174743343607,
        0.009341593451379953,
        0.0013463641056651668,
        0.009482002402417576,
        0.009817805973133694,
        0.0032890271563915984,
        0.00470486608182603,
        0.005440339212327381,
        0.005506505867490805,
        0.002303996873200852,
        0.004511341266407266,
        0.0053108595799420556,
        0.003166024419427215,
        0.0034851734593595554,
        0.0024943781970978643,
        0.006294357388123255,
        0.000738084304605173
    ],
    "param_C": [
        0.01,
        0.01,
        0.01,
        0.01,
        0.01,
        0.01,
        0.1,
        0.1,
        0.1,
        0.1,
        0.1,
        0.1,
        1.0,
        1.0,
        1.0,
        1.0,
        1.0,
        1.0
    ],
    "param_gamma": [
        "scale",
        "scale",
        "scale",
        "auto",
        "auto",
        "auto",
        "scale",
        "scale",
        "scale",
        "auto",
        "auto",
        "auto",
        "scale",
        "scale",
        "scale",
        "auto",
        "auto",
        "auto"
    ],
    "param_kernel": [
        "linear",
        "poly",
        "rbf",
        "linear",
        "poly",
        "rbf",
        "linear",
        "poly",
        "rbf",
        "linear",
        "poly",
        "rbf",
        "linear",
        "poly",
        "rbf",
        "linear",
        "poly",
        "rbf"
    ],
    "params": [
        {
            "C": 0.01,
            "gamma": "scale",
            "kernel": "linear"
        },
        {
            "C": 0.01,
            "gamma": "scale",
            "kernel": "poly"
        },
        {
            "C": 0.01,
            "gamma": "scale",
            "kernel": "rbf"
        },
        {
            "C": 0.01,
            "gamma": "auto",
            "kernel": "linear"
        },
        {
            "C": 0.01,
            "gamma": "auto",
            "kernel": "poly"
        },
        {
            "C": 0.01,
            "gamma": "auto",
            "kernel": "rbf"
        },
        {
            "C": 0.1,
            "gamma": "scale",
            "kernel": "linear"
        },
        {
            "C": 0.1,
            "gamma": "scale",
            "kernel": "poly"
        },
        {
            "C": 0.1,
            "gamma": "scale",
            "kernel": "rbf"
        },
        {
            "C": 0.1,
            "gamma": "auto",
            "kernel": "linear"
        },
        {
            "C": 0.1,
            "gamma": "auto",
            "kernel": "poly"
        },
        {
            "C": 0.1,
            "gamma": "auto",
            "kernel": "rbf"
        },
        {
            "C": 1,
            "gamma": "scale",
            "kernel": "linear"
        },
        {
            "C": 1,
            "gamma": "scale",
            "kernel": "poly"
        },
        {
            "C": 1,
            "gamma": "scale",
            "kernel": "rbf"
        },
        {
            "C": 1,
            "gamma": "auto",
            "kernel": "linear"
        },
        {
            "C": 1,
            "gamma": "auto",
            "kernel": "poly"
        },
        {
            "C": 1,
            "gamma": "auto",
            "kernel": "rbf"
        }
    ],
    "split0_test_score": [
        -19.872404603700776,
        -20.321533649259052,
        -20.367014764743896,
        -19.872404603700776,
        -20.32152089785172,
        -20.36701556728373,
        -19.70186741845561,
        -19.95924368105224,
        -20.10650461774349,
        -19.70186741845561,
        -19.959214453573473,
        -20.106509140459057,
        -19.65636919590113,
        -19.755111891501357,
        -19.691567605816047,
        -19.65636919590113,
        -19.755095624581926,
        -19.691577767254113
    ],
    "split1_test_score": [
        -20.18786724584901,
        -20.345953730377797,
        -20.383557829005127,
        -20.18786724584901,
        -20.344841826101863,
        -20.383610408742364,
        -20.27739637192035,
        -20.167196862239216,
        -20.228948774157413,
        -20.27739637192035,
        -20.166333745275605,
        -20.22915192091827,
        -20.33409883626967,
        -20.28995203176194,
        -20.010661232166935,
        -20.33409883626967,
        -20.293601978841338,
        -20.01024406867743
    ],
    "split2_test_score": [
        -20.240711159196522,
        -20.385296026341223,
        -20.411637237154,
        -20.240711159196522,
        -20.385667257391102,
        -20.411609712545644,
        -20.395994074562374,
        -20.181008244873794,
        -20.24619114371543,
        -20.395994074562374,
        -20.18180254416992,
        -20.246060139860177,
        -20.488971053002672,
        -20.21503923400607,
        -20.11917314566058,
        -20.488971053002672,
        -20.215914941892443,
        -20.11926705169107
    ],
    "split3_test_score": [
        -20.294623136427855,
        -20.847922247813738,
        -20.901570589764336,
        -20.294623136427855,
        -20.847745094541875,
        -20.90158298712687,
        -20.12483890278716,
        -20.41920475184571,
        -20.609558338832496,
        -20.12483890278716,
        -20.418834361972063,
        -20.609628034617675,
        -20.16008026944196,
        -20.22452188671517,
        -20.002631172813878,
        -20.16008026944196,
        -20.224426686621392,
        -20.002681904331
    ],
    "split4_test_score": [
        -19.56500471254949,
        -19.98933463027013,
        -20.055449850906808,
        -19.56500471254949,
        -19.990730247435522,
        -20.05537736505774,
        -19.371842207611046,
        -19.5531562574184,
        -19.78388384536123,
        -19.371842207611046,
        -19.555079348077477,
        -19.783637371259537,
        -19.33982400792604,
        -19.356366376543974,
        -19.2593284562974,
        -19.33982400792604,
        -19.356554438237005,
        -19.25951969520418
    ],