{
    "mean_fit_time": [
        0.13856334686279298,
        0.17270922660827637,
        0.1896517753601074,
        0.22628068923950195,
        0.15213775634765625,
        0.16264219284057618,
        0.21781258583068847,
        0.2588198661804199,
        0.2126230239868164,
        0.1905228614807129,
        0.23973817825317384,
        0.24969282150268554,
        0.1998497486114502,
        0.17992324829101564,
        0.21686735153198242,
        0.2593844413757324,
        0.26239376068115233,
        0.22012872695922853,
        0.22326884269714356,
        0.2657172203063965,
        0.23542938232421876,
        0.182322359085083,
        0.2500889301300049,
        0.2899168014526367,
        0.8168260097503662,
        0.33045358657836915,
        0.22297778129577636,
        0.2879420280456543,
        0.628886604309082,
        0.225289249420166,
        0.2688732624053955,
        0.22007975578308106
    ],
    "std_fit_time": [
        0.008934729646600135,
        0.008886774220576368,
        0.02341677608183593,
        0.02008643732171064,
        0.00293379412535998,
        0.00557345660012013,
        0.013569979234395426,
        0.014434805511952961,
        0.01900028039485711,
        0.013566482703897521,
        0.015671240148737647,
        0.014089994730375206,
        0.009304021242765154,
        0.013692081187963563,
        0.010256845447121778,
        0.021905889391948877,
        0.025239675446259147,
        0.00900048031963762,
        0.012549707221225536,
        0.019009928135265884,
        0.015279182062483085,
        0.006417824886259397,
        0.008999388218971699,
        0.01382270216222542,
        0.13822237088057665,
        0.03779967617854079,
        0.023172360789927026,
        0.05458142836785666,
        0.029025488231220895,
        0.01733476301441071,
        0.0459276107413816,
        0.015256345620765313
    ],
    "mean_score_time": [
        0.03327202796936035,
        0.0608121395111084,
        0.08555712699890136,
        0.04958701133728027,
        0.03591303825378418,
        0.0450474739074707,
        0.08473482131958007,
        0.06342601776123047,
        0.03297138214111328,
        0.03809404373168945,
        0.09217000007629395,
        0.05253610610961914,
        0.031399202346801755,
        0.04231958389282227,
        0.09726696014404297,
        0.045608139038085936,
        0.03187203407287598,
        0.03189406394958496,
        0.0916773796081543,
        0.05363650321960449,
        0.02744121551513672,
        0.03359341621398926,
        0.08823051452636718,
        0.04281916618347168,
        0.04555168151855469,
        0.042708301544189455,
        0.06390047073364258,
        0.04811782836914062,
        0.030228662490844726,
        0.030645036697387697,
        0.07985010147094726,
        0.03431482315063476
    ],
    "std_score_time": [
        0.004177568359143757,
        0.02702701750321637,
        0.007550530710818877,
        0.008109099589049613,
        0.007889974398462172,
        0.007366934372994015,
        0.008302366336505088,
        0.009782476122831162,
        0.003707169880782008,
        0.004578722561758287,
        0.006304302156672477,
        0.0031903324492616393,
        0.004786615101237359,
        0.008743601088276907,
        0.009078593295212049,
        0.00749148804146306,
        0.009412035289324154,
        0.003551236066842871,
        0.011571947826455863,
        0.005217325805389038,
        0.006911901953048747,
        0.003939959643280807,
        0.012310803840812089,
        0.007431379118567693,
        0.030816320046652836,
        0.012869777997856801,
        0.005154975334258534,
        0.010354181992146543,
        0.009799158966846857,
        0.005209341557938519,
        0.024835358656931244,
        0.001267616043143951
    ],
    "param_C": [
        0.1,
        0.1,
        0.1,
        0.1,
        0.1,
        0.1,
        0.1,
        0.1,
        1.0,
        1.0,
        1.0,
        1.0,
        1.0,
        1.0,
        1.0,
        1.0,
        10.0,
        10.0,
        10.0,
        10.0,
        10.0,
        10.0,
        10.0,
        10.0,
        100.0,
        100.0,
        100.0,
        100.0,
        100.0,
        100.0,
        100.0,
        100.0
    ],
    "param_gamma": [
        "scale",
        "scale",
        "scale",
        "scale",
        "auto",
        "auto",
        "auto",
        "auto",
        "scale",
        "scale",
        "scale",
        "scale",
        "auto",
        "auto",
        "auto",
        "auto",
        "scale",
        "scale",
        "scale",
        "scale",
        "auto",
        "auto",
        "auto",
        "auto",
        "scale",
        "scale",
        "scale",
        "scale",
        "auto",
        "auto",
        "auto",
        "auto"
    ],
    "param_kernel": [
        "linear",
        "poly",
        "rbf",
        "sigmoid",
        "linear",
        "poly",
        "rbf",
        "sigmoid",
        "linear",
        "poly",
        "rbf",
        "sigmoid",
        "linear",
        "poly",
        "rbf",
        "sigmoid",
        "linear",
        "poly",
        "rbf",
        "sigmoid",
        "linear",
        "poly",
        "rbf",
        "sigmoid",
        "linear",
        "poly",
        "rbf",
        "sigmoid",
        "linear",
        "poly",
        "rbf",
        "sigmoid"
    ],
    "params": [
        {
            "C": 0.1,
            "gamma": "scale",
            "kernel": "linear"
        },
        {
            "C": 0.1,
            "gamma": "scale",
            "kernel": "poly"
        },
        {
            "C": 0.1,
            "gamma": "scale",
            "kernel": "rbf"
        },
        {
            "C": 0.1,
            "gamma": "scale",
            "kernel": "sigmoid"
        },
        {
            "C": 0.1,
            "gamma": "auto",
            "kernel": "linear"
        },
        {
            "C": 0.1,
            "gamma": "auto",
            "kernel": "poly"
        },
        {
            "C": 0.1,
            "gamma": "auto",
            "kernel": "rbf"
        },
        {
            "C": 0.1,
            "gamma": "auto",
            "kernel": "sigmoid"
        },
        {
            "C": 1,
            "gamma": "scale",
            "kernel": "linear"
        },
        {
            "C": 1,
            "gamma": "scale",
            "kernel": "poly"
        },
        {
            "C": 1,
            "gamma": "scale",
            "kernel": "rbf"
        },
        {
            "C": 1,
            "gamma": "scale",
            "kernel": "sigmoid"
        },
        {
            "C": 1,
            "gamma": "auto",
            "kernel": "linear"
        },
        {
            "C": 1,
            "gamma": "auto",
            "kernel": "poly"
        },
        {
            "C": 1,
            "gamma": "auto",
            "kernel": "rbf"
        },
        {
            "C": 1,
            "gamma": "auto",
            "kernel": "sigmoid"
        },
        {
            "C": 10,
            "gamma": "scale",
            "kernel": "linear"
        },
        {
            "C": 10,
            "gamma": "scale",
            "kernel": "poly"
        },
        {
            "C": 10,
            "gamma": "scale",
            "kernel": "rbf"
        },
        {
            "C": 10,
            "gamma": "scale",
            "kernel": "sigmoid"
        },
        {
            "C": 10,
            "gamma": "auto",
            "kernel": "linear"
        },
        {
            "C": 10,
            "gamma": "auto",
            "kernel": "poly"
        },
        {
            "C": 10,
            "gamma": "auto",
            "kernel": "rbf"
        },
        {
            "C": 10,
            "gamma": "auto",
            "kernel": "sigmoid"
        },
        {
            "C": 100,
            "gamma": "scale",