{
    "mean_fit_time": [
        0.19256739616394042,
        0.1776714324951172,
        0.20729260444641112,
        0.2308134078979492,
        0.14569664001464844,
        0.18442239761352539,
        0.2690993309020996,
        0.27738265991210936,
        0.15711426734924316,
        0.160886812210083,
        0.18648438453674315,
        0.23286280632019044,
        0.15860538482666015,
        0.1579308032989502,
        0.18765668869018554,
        0.21672182083129882,
        0.26657671928405763,
        0.17960748672485352,
        0.20364460945129395,
        0.2246607780456543,
        0.27847113609313967,
        0.17088518142700196,
        0.19090051651000978,
        0.2424858570098877,
        1.0657415390014648,
        0.3970028877258301,
        0.2637460231781006,
        0.23253703117370605,
        1.0344067573547364,
        0.4036128044128418,
        0.25893254280090333,
        0.21078624725341796
    ],
    "std_fit_time": [
        0.021286509547853848,
        0.011942092096417426,
        0.015840853933392532,
        0.02089027377821539,
        0.007961502747900183,
        0.014699046028788064,
        0.025252898285327206,
        0.014169626168569595,
        0.010962097101741662,
        0.012989732892274817,
        0.011486004240302048,
        0.01801070592470179,
        0.00954841515863088,
        0.012006503866742128,
        0.005739026078909946,
        0.010248906188490711,
        0.03249285287415727,
        0.009380722289736718,
        0.014810220313595157,
        0.007009756109104322,
        0.030698601563793046,
        0.008419528950527643,
        0.013360227870317445,
        0.030159604398003356,
        0.1038825549552183,
        0.054500487567776854,
        0.01642178789158749,
        0.02229603695289253,
        0.08302707050537074,
        0.01722594490618547,
        0.014756717871509747,
        0.009554642436462351
    ],
    "mean_score_time": [
        0.03255934715270996,
        0.03348827362060547,
        0.06788063049316406,
        0.0446815013885498,
        0.028011560440063477,
        0.043893861770629886,
        0.07214641571044922,
        0.04606385231018066,
        0.029401493072509766,
        0.029303216934204103,
        0.06956000328063965,
        0.046590232849121095,
        0.032210779190063474,
        0.03293600082397461,
        0.07279810905456544,
        0.046987152099609374,
        0.030725622177124025,
        0.030282020568847656,
        0.0717198371887207,
        0.04679083824157715,
        0.027785825729370116,
        0.029917812347412108,
        0.07325577735900879,
        0.047055625915527345,
        0.029432392120361327,
        0.02725381851196289,
        0.07307004928588867,
        0.042140865325927736,
        0.02564554214477539,
        0.03065519332885742,
        0.07262206077575684,
        0.03307046890258789
    ],
    "std_score_time": [
        0.008928305681532108,
        0.009186671952557927,
        0.00785783542222301,
        0.004859667011688984,
        0.002133050066762179,
        0.008591306450590966,
        0.0025185493821667953,
        0.0035764326647353315,
        0.003387250656049582,
        0.00492869428969944,
        0.012730440658637647,
        0.006797153436222771,
        0.005165819840506951,
        0.005690487138472664,
        0.013877692598472154,
        0.007540287845799022,
        0.004596795024920269,
        0.0035338882842706225,
        0.004823659109690332,
        0.010137633643446655,
        0.005431361078862155,
        0.0014100911070811062,
        0.012692817208461498,
        0.007679223614709585,
        0.003170482564777095,
        0.005198577401160701,
        0.008518641985763912,
        0.004591598719754101,
        0.004707436084755018,
        0.002125992982397099,
        0.012136151508316114,
        0.00016610850830445798
    ],
    "param_C": [
        0.1,
        0.1,
        0.1,
        0.1,
        0.1,
        0.1,
        0.1,
        0.1,
        1.0,
        1.0,
        1.0,
        1.0,
        1.0,
        1.0,
        1.0,
        1.0,
        10.0,
        10.0,
        10.0,
        10.0,
        10.0,
        10.0,
        10.0,
        10.0,
        100.0,
        100.0,
        100.0,
        100.0,
        100.0,
        100.0,
        100.0,
        100.0
    ],
    "param_gamma": [
        "scale",
        "scale",
        "scale",
        "scale",
        "auto",
        "auto",
        "auto",
        "auto",
        "scale",
        "scale",
        "scale",
        "scale",
        "auto",
        "auto",
        "auto",
        "auto",
        "scale",
        "scale",
        "scale",
        "scale",
        "auto",
        "auto",
        "auto",
        "auto",
        "scale",
        "scale",
        "scale",
        "scale",
        "auto",
        "auto",
        "auto",
        "auto"
    ],
    "param_kernel": [
        "linear",
        "poly",
        "rbf",
        "sigmoid",
        "linear",
        "poly",
        "rbf",
        "sigmoid",
        "linear",
        "poly",
        "rbf",
        "sigmoid",
        "linear",
        "poly",
        "rbf",
        "sigmoid",
        "linear",
        "poly",
        "rbf",
        "sigmoid",
        "linear",
        "poly",
        "rbf",
        "sigmoid",
        "linear",
        "poly",
        "rbf",
        "sigmoid",
        "linear",
        "poly",
        "rbf",
        "sigmoid"
    ],
    "params": [
        {
            "C": 0.1,
            "gamma": "scale",
            "kernel": "linear"
        },
        {
            "C": 0.1,
            "gamma": "scale",
            "kernel": "poly"
        },
        {
            "C": 0.1,
            "gamma": "scale",
            "kernel": "rbf"
        },
        {
            "C": 0.1,
            "gamma": "scale",
            "kernel": "sigmoid"
        },
        {
            "C": 0.1,
            "gamma": "auto",
            "kernel": "linear"
        },
        {
            "C": 0.1,
            "gamma": "auto",
            "kernel": "poly"
        },
        {
            "C": 0.1,
            "gamma": "auto",
            "kernel": "rbf"
        },
        {
            "C": 0.1,
            "gamma": "auto",
            "kernel": "sigmoid"
        },
        {
            "C": 1,
            "gamma": "scale",
            "kernel": "linear"
        },
        {
            "C": 1,
            "gamma": "scale",
            "kernel": "poly"
        },
        {
            "C": 1,
            "gamma": "scale",
            "kernel": "rbf"
        },
        {
            "C": 1,
            "gamma": "scale",
            "kernel": "sigmoid"
        },
        {
            "C": 1,
            "gamma": "auto",
            "kernel": "linear"
        },
        {
            "C": 1,
            "gamma": "auto",
            "kernel": "poly"
        },
        {
            "C": 1,
            "gamma": "auto",
            "kernel": "rbf"
        },
        {
            "C": 1,
            "gamma": "auto",
            "kernel": "sigmoid"
        },
        {
            "C": 10,
            "gamma": "scale",
            "kernel": "linear"
        },
        {
            "C": 10,
            "gamma": "scale",
            "kernel": "poly"
        },
        {
            "C": 10,
            "gamma": "scale",
            "kernel": "rbf"
        },
        {
            "C": 10,
            "gamma": "scale",
            "kernel": "sigmoid"
        },
        {
            "C": 10,
            "gamma": "auto",
            "kernel": "linear"
        },
        {
            "C": 10,
            "gamma": "auto",
            "kernel": "poly"
        },
        {
            "C": 10,
            "gamma": "auto",
            "kernel": "rbf"
        },
        {
            "C": 10,
            "gamma": "auto",
            "kernel": "sigmoid"
        },
        {
            "C": 100,
            "gamma": "scale",