{
    "mean_fit_time": [
        0.014506816864013672,
        0.03011002540588379,
        0.04259071350097656,
        0.03120841979980469,
        0.061638259887695314,
        0.07322459220886231,
        0.020780324935913086,
        0.03585243225097656,
        0.05076346397399902,
        0.029055356979370117,
        0.0576873779296875,
        0.08056106567382812,
        0.021934890747070314,
        0.03526482582092285,
        0.049600744247436525,
        0.030457305908203124,
        0.04678702354431152,
        0.07158608436584472,
        0.017636775970458984,
        0.02563138008117676,
        0.03818621635437012,
        0.017206192016601562,
        0.026248645782470704,
        0.03688521385192871
    ],
    "std_fit_time": [
        0.00021444205190755932,
        0.0034978847401211876,
        0.004308690431096603,
        0.005177968945417921,
        0.007390938038267289,
        0.005158580657152376,
        0.005623059937773486,
        0.007725411704194459,
        0.007353394350872388,
        0.0027577382126386793,
        0.004173097066587565,
        0.005671910995899035,
        0.004710001121251818,
        0.0027261722090359624,
        0.007372320620408917,
        0.005907120578458564,
        0.0033947234119923054,
        0.006107279029665945,
        0.0020451957954633264,
        0.0041583382945127026,
        0.0046544519644490245,
        0.004158609836746477,
        0.003881738958664661,
        0.0031921280544238454
    ],
    "mean_score_time": [
        0.0006339550018310547,
        0.0012844085693359375,
        0.0010051250457763672,
        0.0007656097412109375,
        0.0009944915771484375,
        0.001631450653076172,
        0.0008802413940429688,
        0.0008080482482910156,
        0.001346254348754883,
        0.0012868404388427734,
        0.0009950637817382813,
        0.001256275177001953,
        0.001004505157470703,
        0.0017323970794677734,
        0.0014881134033203126,
        0.0008675098419189453,
        0.0018431663513183594,
        0.0016901016235351563,
        0.0012339115142822265,
        0.0008915901184082031,
        0.001665210723876953,
        0.0009871959686279298,
        0.0013768196105957032,
        0.0009163379669189453
    ],
    "std_score_time": [
        3.526983666463346e-05,
        0.0005609586261883354,
        6.15002376944594e-05,
        1.645426784446133e-05,
        6.120256472772857e-06,
        0.0007844036241163594,
        0.00046947740932388375,
        2.4348315730870516e-05,
        0.0007079889642070782,
        0.0006920912581462959,
        1.0536482846373e-05,
        2.8246474507048112e-05,
        0.00040127039362957074,
        0.0011413655776418405,
        0.000712516204912664,
        0.0002636145227474841,
        0.000957591124519316,
        0.0008736974109824204,
        0.0004157936244085652,
        5.5906508206096045e-05,
        0.0006908273938976296,
        0.0001955123992260652,
        0.0005039626798841494,
        0.00011293821403092313
    ],
    "param_colsample_bytree": [
        0.8,
        0.8,
        0.8,
        0.8,
        0.8,
        0.8,
        0.8,
        0.8,
        0.8,
        0.8,
        0.8,
        0.8,
        0.8,
        0.8,
        0.8,
        0.8,
        0.8,
        0.8,
        0.8,
        0.8,
        0.8,
        0.8,
        0.8,
        0.8
    ],
    "param_learning_rate": [
        0.01,
        0.01,
        0.01,
        0.01,
        0.01,
        0.01,
        0.1,
        0.1,
        0.1,
        0.1,
        0.1,
        0.1,
        0.0,
        0.0,
        0.0,
        0.0,
        0.0,
        0.0,
        15.0,
        15.0,
        15.0,
        15.0,
        15.0,
        15.0
    ],
    "param_max_depth": [
        2,
        2,
        2,
        3,
        3,
        3,
        2,
        2,
        2,
        3,
        3,
        3,
        2,
        2,
        2,
        3,
        3,
        3,
        2,
        2,
        2,
        3,
        3,
        3
    ],
    "param_n_estimators": [
        100,
        200,
        300,
        100,
        200,
        300,
        100,
        200,
        300,
        100,
        200,
        300,
        100,
        200,
        300,
        100,
        200,
        300,
        100,
        200,
        300,
        100,
        200,
        300
    ],
    "param_subsample": [
        1.0,
        1.0,
        1.0,
        1.0,
        1.0,
        1.0,
        1.0,
        1.0,
        1.0,
        1.0,
        1.0,
        1.0,
        1.0,
        1.0,
        1.0,
        1.0,
        1.0,
        1.0,
        1.0,
        1.0,
        1.0,
        1.0,
        1.0,
        1.0
    ],
    "params": [
        {
            "colsample_bytree": 0.8,
            "learning_rate": 0.01,
            "max_depth": 2,
            "n_estimators": 100,
            "subsample": 1.0
        },
        {
            "colsample_bytree": 0.8,
            "learning_rate": 0.01,
            "max_depth": 2,
            "n_estimators": 200,
            "subsample": 1.0
        },
        {
            "colsample_bytree": 0.8,
            "learning_rate": 0.01,
            "max_depth": 2,
            "n_estimators": 300,
            "subsample": 1.0
        },
        {
            "colsample_bytree": 0.8,
            "learning_rate": 0.01,
            "max_depth": 3,
            "n_estimators": 100,
            "subsample": 1.0
        },
        {
            "colsample_bytree": 0.8,
            "learning_rate": 0.01,
            "max_depth": 3,
            "n_estimators": 200,
            "subsample": 1.0
        },
        {
            "colsample_bytree": 0.8,
            "learning_rate": 0.01,
            "max_depth": 3,
            "n_estimators": 300,
            "subsample": 1.0
        },
        {
            "colsample_bytree": 0.8,
            "learning_rate": 0.1,
            "max_depth": 2,
            "n_estimators": 100,
            "subsample": 1.0
        },
        {
            "colsample_bytree": 0.8,
            "learning_rate": 0.1,
            "max_depth": 2,
            "n_estimators": 200,
            "subsample": 1.0
        },
        {
            "colsample_bytree": 0.8,
            "learning_rate": 0.1,
            "max_depth": 2,
            "n_estimators": 300,
            "subsample": 1.0
        },
        {
            "colsample_bytree": 0.8,
            "learning_rate": 0.1,
            "max_depth": 3,
            "n_estimators": 100,
            "subsample": 1.0
        },
        {
            "colsample_bytree": 0.8,
            "learning_rate": 0.1,
            "max_depth": 3,
            "n_estimators": 200,
            "subsample": 1.0
        },
        {
            "colsample_bytree": 0.8,
            "learning_rate": 0.1,
            "max_depth": 3,
            "n_estimators": 300,
            "subsample": 1.0
        },
        {
            "colsample_bytree": 0.8,
            "learning_rate": 0,
            "max_depth": 2,
            "n_estimators": 100,
            "subsample": 1.0
        },
        {
            "colsample_bytree": 0.8,
            "learning_rate": 0,
            "max_depth": 2,
            "n_estimators": 200,
            "subsample": 1.0
        },
        {
            "colsample_bytree": 0.8,
            "learning_rate": 0,
            "max_depth": 2,
            "n_estimators": 300,
            "subsample": 1.0
        },
        {
            "colsample_bytree": 0.8,
            "learning_rate": 0,
            "max_depth": 3,
            "n_estimators": 100,
            "subsample": 1.0
        },
        {
            "colsample_bytree": 0.8,
            "learning_rate": 0,
            "max_depth": 3,
            "n_estimators": 200,
            "subsample": 1.0
        },
        {
            "colsample_bytree": 0.8,
            "learning_rate": 0,
            "max_depth": 3,
            "n_estimators": 300,