{
    "mean_fit_time": [
        0.2183460235595703,
        0.21896634101867676,
        0.3887317657470703,
        0.41372203826904297,
        0.33902621269226074,
        0.34462738037109375,
        0.7647888660430908,
        0.7207593441009521,
        0.6213808536529541,
        0.7845662593841553,
        1.2609553813934327,
        1.316596508026123
    ],
    "std_fit_time": [
        0.00998550539143975,
        0.009471520665683682,
        0.01778983959996251,
        0.011491466502233576,
        0.01024648223978763,
        0.02717947263439572,
        0.053638777574377204,
        0.08091450102354958,
        0.07433943771662803,
        0.013552236423205669,
        0.056878990262570914,
        0.018041763980897865
    ],
    "mean_score_time": [
        0.003637409210205078,
        0.0027531147003173827,
        0.004203176498413086,
        0.00472102165222168,
        0.0027010440826416016,
        0.0023738384246826173,
        0.00501861572265625,
        0.004543447494506836,
        0.0026559352874755858,
        0.0035095691680908205,
        0.005153751373291016,
        0.004797697067260742
    ],
    "std_score_time": [
        0.0007392671236838948,
        0.00019012691645915438,
        0.0006398376042258057,
        0.0005892932865659119,
        0.0004763822054108016,
        0.0001247734972829723,
        0.0011840994113299164,
        0.0014446348966789468,
        0.0008434265595817748,
        0.0008036405909913555,
        0.0011079724078190641,
        0.00041056457427977416
    ],
    "param_depth": [
        2,
        2,
        2,
        2,
        4,
        4,
        4,
        4,
        6,
        6,
        6,
        6
    ],
    "param_iterations": [
        250,
        250,
        500,
        500,
        250,
        250,
        500,
        500,
        250,
        250,
        500,
        500
    ],
    "param_l2_leaf_reg": [
        5,
        7,
        5,
        7,
        5,
        7,
        5,
        7,
        5,
        7,
        5,
        7
    ],
    "param_learning_rate": [
        0.01,
        0.01,
        0.01,
        0.01,
        0.01,
        0.01,
        0.01,
        0.01,
        0.01,
        0.01,
        0.01,
        0.01
    ],
    "params": [
        {
            "depth": 2,
            "iterations": 250,
            "l2_leaf_reg": 5,
            "learning_rate": 0.01
        },
        {
            "depth": 2,
            "iterations": 250,
            "l2_leaf_reg": 7,
            "learning_rate": 0.01
        },
        {
            "depth": 2,
            "iterations": 500,
            "l2_leaf_reg": 5,
            "learning_rate": 0.01
        },
        {
            "depth": 2,
            "iterations": 500,
            "l2_leaf_reg": 7,
            "learning_rate": 0.01
        },
        {
            "depth": 4,
            "iterations": 250,
            "l2_leaf_reg": 5,
            "learning_rate": 0.01
        },
        {
            "depth": 4,
            "iterations": 250,
            "l2_leaf_reg": 7,
            "learning_rate": 0.01
        },
        {
            "depth": 4,
            "iterations": 500,
            "l2_leaf_reg": 5,
            "learning_rate": 0.01
        },
        {
            "depth": 4,
            "iterations": 500,
            "l2_leaf_reg": 7,
            "learning_rate": 0.01
        },
        {
            "depth": 6,
            "iterations": 250,
            "l2_leaf_reg": 5,
            "learning_rate": 0.01
        },
        {
            "depth": 6,
            "iterations": 250,
            "l2_leaf_reg": 7,
            "learning_rate": 0.01
        },
        {
            "depth": 6,
            "iterations": 500,
            "l2_leaf_reg": 5,
            "learning_rate": 0.01
        },
        {
            "depth": 6,
            "iterations": 500,
            "l2_leaf_reg": 7,
            "learning_rate": 0.01
        }
    ],
    "split0_test_score": [
        0.6846846846846847,
        0.6792792792792792,
        0.69009009009009,
        0.6864864864864865,
        0.69009009009009,
        0.6882882882882883,
        0.6864864864864865,
        0.6882882882882883,
        0.6918918918918919,
        0.6846846846846847,
        0.6738738738738739,
        0.6774774774774774
    ],
    "split1_test_score": [
        0.6,
        0.5927927927927928,
        0.618018018018018,
        0.6216216216216216,
        0.6270270270270271,
        0.6234234234234234,
        0.6432432432432432,
        0.6414414414414414,
        0.6468468468468469,
        0.6522522522522523,
        0.645045045045045,
        0.6486486486486487
    ],
    "split2_test_score": [
        0.6389891696750902,
        0.6425992779783394,
        0.6624548736462094,
        0.6606498194945848,
        0.6606498194945848,
        0.6642599277978339,
        0.6678700361010831,
        0.6678700361010831,
        0.6624548736462094,
        0.6588447653429603,
        0.6606498194945848,
        0.6606498194945848
    ],
    "split3_test_score": [
        0.6335740072202166,
        0.6371841155234657,
        0.6335740072202166,
        0.6353790613718412,
        0.6407942238267148,
        0.631768953068592,
        0.6407942238267148,
        0.644404332129964,
        0.6425992779783394,
        0.6462093862815884,
        0.648014440433213,
        0.6353790613718412
    ],
    "split4_test_score": [
        0.6425992779783394,
        0.6552346570397112,
        0.6606498194945848,
        0.6570397111913358,
        0.6660649819494585,
        0.6588447653429603,
        0.6660649819494585,
        0.6660649819494585,
        0.6732851985559567,
        0.6750902527075813,
        0.6768953068592057,
        0.6696750902527075
    ],
    "mean_test_score": [
        0.6399694279116662,
        0.6414180245227177,
        0.6529573616938238,
        0.652235340033174,
        0.6569252284775751,
        0.6533170715842196,
        0.6608917943213972,
        0.661613815982047,
        0.6634156177838488,
        0.6634162682538134,
        0.6608956971411845,
        0.6583660194490519
    ],
    "std_test_score": [
        0.027002917543358294,
        0.028312924440192153,
        0.024998753271307943,
        0.022308565016551225,
        0.021686066856724806,
        0.023371945191148276,
        0.017005467888555732,
        0.017167245967395495,
        0.017983737176976607,
        0.01435435912785313,
        0.012974212766102836,
        0.014974553014887058
    ],
    "rank_test_score": [
        12,
        11,
        9,
        10,
        7,
        8,
        5,
        3,
        2,
        1,
        4,
        6
    ]
}