{
    "mean_fit_time": [
        0.2758312702178955,
        0.4502920150756836,
        0.2093212604522705,
        0.42510089874267576,
        0.2731579303741455,
        0.5761635303497314,
        0.29621248245239257,
        0.5664141178131104,
        0.8574592113494873,
        1.669827365875244,
        0.826181173324585,
        1.6496551990509034,
        1.4894299507141113,
        3.3537843227386475,
        1.5330435752868652,
        2.8501848697662355
    ],
    "std_fit_time": [
        0.015417072708507907,
        0.013710920299655262,
        0.006262600067178763,
        0.012543634784959203,
        0.003343808624939817,
        0.025445871238775748,
        0.008585011639063148,
        0.01279210149541667,
        0.027574523491438394,
        0.035949209391826775,
        0.03685256276861732,
        0.02757618530325231,
        0.06154463253872261,
        0.06626196950618858,
        0.041060623748569315,
        0.039097296024982506
    ],
    "mean_score_time": [
        0.0013504981994628905,
        0.0014770030975341797,
        0.001163625717163086,
        0.0013432025909423829,
        0.0023398399353027344,
        0.001446676254272461,
        0.0012375354766845704,
        0.0015892505645751954,
        0.001945161819458008,
        0.003386831283569336,
        0.0017354488372802734,
        0.00320281982421875,
        0.002266550064086914,
        0.005928468704223633,
        0.0031305789947509766,
        0.004330873489379883
    ],
    "std_score_time": [
        0.0005098400024667688,
        0.0005804985286645594,
        0.000486215645156842,
        0.0005608381287368517,
        0.0012455733661677743,
        0.0002230794570475015,
        0.0006592085578675892,
        0.00042365706611904885,
        0.0004671887731511104,
        0.0009277173046804999,
        0.0002685641106258206,
        0.0009826428445089267,
        0.0002677236440519587,
        0.0022313065899118335,
        0.0016005529476869984,
        0.00014697015451681513
    ],
    "param_learning_rate": [
        0.01,
        0.01,
        0.01,
        0.01,
        0.01,
        0.01,
        0.01,
        0.01,
        0.01,
        0.01,
        0.01,
        0.01,
        0.01,
        0.01,
        0.01,
        0.01
    ],
    "param_max_depth": [
        3,
        3,
        3,
        3,
        4,
        4,
        4,
        4,
        10,
        10,
        10,
        10,
        null,
        null,
        null,
        null
    ],
    "param_min_samples_leaf": [
        1,
        1,
        2,
        2,
        1,
        1,
        2,
        2,
        1,
        1,
        2,
        2,
        1,
        1,
        2,
        2
    ],
    "param_min_samples_split": [
        5,
        5,
        5,
        5,
        5,
        5,
        5,
        5,
        5,
        5,
        5,
        5,
        5,
        5,
        5,
        5
    ],
    "param_n_estimators": [
        50,
        100,
        50,
        100,
        50,
        100,
        50,
        100,
        50,
        100,
        50,
        100,
        50,
        100,
        50,
        100
    ],
    "param_subsample": [
        1.0,
        1.0,
        1.0,
        1.0,
        1.0,
        1.0,
        1.0,
        1.0,
        1.0,
        1.0,
        1.0,
        1.0,
        1.0,
        1.0,
        1.0,
        1.0
    ],
    "params": [
        {
            "learning_rate": 0.01,
            "max_depth": 3,
            "min_samples_leaf": 1,
            "min_samples_split": 5,
            "n_estimators": 50,
            "subsample": 1.0
        },
        {
            "learning_rate": 0.01,
            "max_depth": 3,
            "min_samples_leaf": 1,
            "min_samples_split": 5,
            "n_estimators": 100,
            "subsample": 1.0
        },
        {
            "learning_rate": 0.01,
            "max_depth": 3,
            "min_samples_leaf": 2,
            "min_samples_split": 5,
            "n_estimators": 50,
            "subsample": 1.0
        },
        {
            "learning_rate": 0.01,
            "max_depth": 3,
            "min_samples_leaf": 2,
            "min_samples_split": 5,
            "n_estimators": 100,
            "subsample": 1.0
        },
        {
            "learning_rate": 0.01,
            "max_depth": 4,
            "min_samples_leaf": 1,
            "min_samples_split": 5,
            "n_estimators": 50,
            "subsample": 1.0
        },
        {
            "learning_rate": 0.01,
            "max_depth": 4,
            "min_samples_leaf": 1,
            "min_samples_split": 5,
            "n_estimators": 100,
            "subsample": 1.0
        },
        {
            "learning_rate": 0.01,
            "max_depth": 4,
            "min_samples_leaf": 2,
            "min_samples_split": 5,
            "n_estimators": 50,
            "subsample": 1.0
        },
        {
            "learning_rate": 0.01,
            "max_depth": 4,
            "min_samples_leaf": 2,
            "min_samples_split": 5,
            "n_estimators": 100,
            "subsample": 1.0
        },
        {
            "learning_rate": 0.01,
            "max_depth": 10,
            "min_samples_leaf": 1,
            "min_samples_split": 5,
            "n_estimators": 50,
            "subsample": 1.0
        },
        {
            "learning_rate": 0.01,
            "max_depth": 10,
            "min_samples_leaf": 1,
            "min_samples_split": 5,
            "n_estimators": 100,
            "subsample": 1.0
        },
        {
            "learning_rate": 0.01,
            "max_depth": 10,
            "min_samples_leaf": 2,
            "min_samples_split": 5,
            "n_estimators": 50,
            "subsample": 1.0
        },
        {
            "learning_rate": 0.01,
            "max_depth": 10,
            "min_samples_leaf": 2,
            "min_samples_split": 5,
            "n_estimators": 100,
            "subsample": 1.0
        },
        {
            "learning_rate": 0.01,
            "max_depth": null,
            "min_samples_leaf": 1,
            "min_samples_split": 5,
            "n_estimators": 50,
            "subsample": 1.0
        },
        {
            "learning_rate": 0.01,
            "max_depth": null,
            "min_samples_leaf": 1,
            "min_samples_split": 5,
            "n_estimators": 100,
            "subsample": 1.0
        },
        {
            "learning_rate": 0.01,
            "max_depth": null,
            "min_samples_leaf": 2,
            "min_samples_split": 5,
            "n_estimators": 50,
            "subsample": 1.0
        },
        {
            "learning_rate": 0.01,
            "max_depth": null,
            "min_samples_leaf": 2,
            "min_samples_split": 5,
            "n_estimators": 100,
            "subsample": 1.0
        }
    ],
    "split0_test_score": [
        0.6252252252252253,
        0.6936936936936937,
        0.6252252252252253,
        0.6936936936936937,
        0.6810810810810811,
        0.6648648648648648,
        0.6828828828828829,
        0.6630630630630631,
        0.6342342342342342,
        0.6378378378378379,
        0.6414414414414414,
        0.6216216216216216,
        0.6108108108108108,
        0.5963963963963964,
        0.590990990990991,
        0.5873873873873874
    ],
    "split1_test_score": [
        0.5891891891891892,
        0.5945945945945946,
        0.5891891891891892,
        0.5945945945945946,
        0.5927927927927928,
        0.6306306306306306,
        0.5927927927927928,
        0.6270270270270271,
        0.6162162162162163,
        0.6306306306306306,
        0.6162162162162163,
        0.6504504504504505,
        0.6162162162162163,
        0.6108108108108108,
        0.6,
        0.6252252252252253
    ],