{
    "mean_fit_time": [
        0.002138710021972656,
        0.0010041236877441407,
        0.0014935016632080078,
        0.0014936447143554688,
        0.001138782501220703,
        0.0013030529022216796,
        0.001755094528198242,
        0.0015254974365234374,
        0.002191638946533203,
        0.0016176223754882813,
        0.0014849662780761718,
        0.001496267318725586,
        0.0016791820526123047,
        0.0021675586700439452,
        0.0013978004455566407,
        0.002075052261352539
    ],
    "std_fit_time": [
        0.0012530635791026784,
        7.168348682390042e-05,
        0.00044611189362741665,
        0.00038317553479808134,
        0.0003233589402874374,
        0.0005374820922060417,
        0.000955525837293457,
        0.0005494812173431941,
        0.0008754749131857541,
        0.0005438600150366104,
        0.00046041070022870176,
        0.0005213172221517615,
        0.000596437097325693,
        0.0007645607886802657,
        0.0002922143698352563,
        0.0008183513511699157
    ],
    "mean_score_time": [
        0.01487727165222168,
        0.006556177139282226,
        0.018930912017822266,
        0.008832979202270507,
        0.018357229232788087,
        0.009799003601074219,
        0.021825742721557618,
        0.011829280853271484,
        0.024811220169067384,
        0.011102724075317382,
        0.024748897552490233,
        0.015509939193725586,
        0.021958446502685545,
        0.014609432220458985,
        0.024487066268920898,
        0.015559816360473632
    ],
    "std_score_time": [
        0.0007898794989398896,
        0.00028061081203591826,
        0.0020468786856488964,
        0.00044156630636484127,
        0.0033067933626797666,
        0.0027834244507283783,
        0.0029366599213667775,
        0.0021476507058521203,
        0.002764907605888777,
        0.0007735398469527641,
        0.001399185464687833,
        0.0028358445008463814,
        0.0020595793756626947,
        0.0019234213650627943,
        0.0022596889485040103,
        0.0025074925930622756
    ],
    "param_metric": [
        "euclidean",
        "euclidean",
        "euclidean",
        "euclidean",
        "euclidean",
        "euclidean",
        "euclidean",
        "euclidean",
        "manhattan",
        "manhattan",
        "manhattan",
        "manhattan",
        "manhattan",
        "manhattan",
        "manhattan",
        "manhattan"
    ],
    "param_n_neighbors": [
        3,
        3,
        5,
        5,
        7,
        7,
        9,
        9,
        3,
        3,
        5,
        5,
        7,
        7,
        9,
        9
    ],
    "param_weights": [
        "uniform",
        "distance",
        "uniform",
        "distance",
        "uniform",
        "distance",
        "uniform",
        "distance",
        "uniform",
        "distance",
        "uniform",
        "distance",
        "uniform",
        "distance",
        "uniform",
        "distance"
    ],
    "params": [
        {
            "metric": "euclidean",
            "n_neighbors": 3,
            "weights": "uniform"
        },
        {
            "metric": "euclidean",
            "n_neighbors": 3,
            "weights": "distance"
        },
        {
            "metric": "euclidean",
            "n_neighbors": 5,
            "weights": "uniform"
        },
        {
            "metric": "euclidean",
            "n_neighbors": 5,
            "weights": "distance"
        },
        {
            "metric": "euclidean",
            "n_neighbors": 7,
            "weights": "uniform"
        },
        {
            "metric": "euclidean",
            "n_neighbors": 7,
            "weights": "distance"
        },
        {
            "metric": "euclidean",
            "n_neighbors": 9,
            "weights": "uniform"
        },
        {
            "metric": "euclidean",
            "n_neighbors": 9,
            "weights": "distance"
        },
        {
            "metric": "manhattan",
            "n_neighbors": 3,
            "weights": "uniform"
        },
        {
            "metric": "manhattan",
            "n_neighbors": 3,
            "weights": "distance"
        },
        {
            "metric": "manhattan",
            "n_neighbors": 5,
            "weights": "uniform"
        },
        {
            "metric": "manhattan",
            "n_neighbors": 5,
            "weights": "distance"
        },
        {
            "metric": "manhattan",
            "n_neighbors": 7,
            "weights": "uniform"
        },
        {
            "metric": "manhattan",
            "n_neighbors": 7,
            "weights": "distance"
        },
        {
            "metric": "manhattan",
            "n_neighbors": 9,
            "weights": "uniform"
        },
        {
            "metric": "manhattan",
            "n_neighbors": 9,
            "weights": "distance"
        }
    ],
    "split0_test_score": [
        0.572972972972973,
        0.572972972972973,
        0.5855855855855856,
        0.5891891891891892,
        0.590990990990991,
        0.5855855855855856,
        0.5801801801801801,
        0.5837837837837838,
        0.5855855855855856,
        0.590990990990991,
        0.5945945945945946,
        0.590990990990991,
        0.5927927927927928,
        0.6018018018018018,
        0.6,
        0.6036036036036037
    ],
    "split1_test_score": [
        0.5333333333333333,
        0.5297297297297298,
        0.5297297297297298,
        0.5225225225225225,
        0.5441441441441441,
        0.5405405405405406,
        0.5513513513513514,
        0.5405405405405406,
        0.5333333333333333,
        0.5333333333333333,
        0.5477477477477477,
        0.5441441441441441,
        0.5567567567567567,
        0.554954954954955,
        0.572972972972973,
        0.5567567567567567
    ],
    "split2_test_score": [
        0.5740072202166066,
        0.5703971119133574,
        0.575812274368231,
        0.5740072202166066,
        0.5812274368231047,
        0.5812274368231047,
        0.592057761732852,
        0.592057761732852,
        0.5830324909747292,
        0.5848375451263538,
        0.575812274368231,
        0.5776173285198556,
        0.5703971119133574,
        0.5740072202166066,
        0.5776173285198556,
        0.5776173285198556
    ],
    "split3_test_score": [
        0.5577617328519856,
        0.5613718411552346,
        0.6046931407942239,
        0.5992779783393501,
        0.5956678700361011,
        0.5902527075812274,
        0.5830324909747292,
        0.5794223826714802,
        0.5631768953068592,
        0.5631768953068592,
        0.575812274368231,
        0.5740072202166066,
        0.575812274368231,
        0.5740072202166066,
        0.5812274368231047,
        0.575812274368231
    ],
    "split4_test_score": [
        0.6209386281588448,
        0.6227436823104693,
        0.6083032490974729,
        0.6083032490974729,
        0.6083032490974729,
        0.6155234657039711,
        0.6155234657039711,
        0.6155234657039711,
        0.6119133574007221,
        0.6046931407942239,
        0.6299638989169675,
        0.6245487364620939,
        0.6137184115523465,
        0.6083032490974729,
        0.6083032490974729,
        0.6083032490974729
    ],
    "mean_test_score": [
        0.5718027775067486,
        0.5714430676163528,
        0.5808247959150487,
        0.5786600318730283,
        0.5840667382183626,
        0.5826259472468859,
        0.5844290499886167,
        0.5822655868865254,
        0.5754083325202458,
        0.5754063811103522,
        0.5847861579991543,
        0.5822616840667382,
        0.5818954694766969,
        0.5826148892574885,
        0.5880241974826813,
        0.584418642469184
    ],