{
    "mean_fit_time": [
        0.0005835533142089844,
        0.0008405685424804687,
        0.000982046127319336,
        0.0007582664489746094,
        0.0007731914520263672,
        0.0007038116455078125,
        0.0008707523345947265,
        0.0011966705322265625,
        0.0009537220001220703,
        0.0008556365966796875,
        0.0011473655700683593,
        0.0012523651123046875,
        0.0011208057403564453,
        0.001268482208251953,
        0.001730966567993164,
        0.0009299755096435547
    ],
    "std_fit_time": [
        7.991255876580736e-06,
        0.00036637483222470873,
        0.00042045958350750456,
        0.0002730345417785967,
        0.00019478596554372597,
        0.00019938277371689154,
        0.0003016630829449421,
        0.0008064676443043055,
        0.0004172536136196437,
        0.0005145894277594645,
        0.0004969113505210658,
        0.00043702044645610205,
        0.0006827776304772776,
        0.0006951947033901909,
        0.0010090605316287653,
        0.000363641550515702
    ],
    "mean_score_time": [
        0.029449462890625,
        0.015762901306152342,
        0.020940208435058595,
        0.005432939529418946,
        0.01637096405029297,
        0.005293416976928711,
        0.017843246459960938,
        0.007553577423095703,
        0.01746068000793457,
        0.016459083557128905,
        0.019356250762939453,
        0.02008953094482422,
        0.017548227310180665,
        0.017200183868408204,
        0.016654443740844727,
        0.017029476165771485
    ],
    "std_score_time": [
        0.002659634108624789,
        0.00893861699851296,
        0.007797099346218258,
        0.0006277337905181391,
        0.0016143777687616875,
        0.0007856577943152603,
        0.002511912103702899,
        0.0020678035805796603,
        0.0026482557588452123,
        0.0024569331786918284,
        0.0009589919490201611,
        0.002929290937739271,
        0.0023954733614069486,
        0.0013306229747768814,
        0.0012770185664296339,
        0.0013205840918461696
    ],
    "param_metric": [
        "euclidean",
        "euclidean",
        "euclidean",
        "euclidean",
        "euclidean",
        "euclidean",
        "euclidean",
        "euclidean",
        "manhattan",
        "manhattan",
        "manhattan",
        "manhattan",
        "manhattan",
        "manhattan",
        "manhattan",
        "manhattan"
    ],
    "param_n_neighbors": [
        3,
        3,
        5,
        5,
        7,
        7,
        9,
        9,
        3,
        3,
        5,
        5,
        7,
        7,
        9,
        9
    ],
    "param_weights": [
        "uniform",
        "distance",
        "uniform",
        "distance",
        "uniform",
        "distance",
        "uniform",
        "distance",
        "uniform",
        "distance",
        "uniform",
        "distance",
        "uniform",
        "distance",
        "uniform",
        "distance"
    ],
    "params": [
        {
            "metric": "euclidean",
            "n_neighbors": 3,
            "weights": "uniform"
        },
        {
            "metric": "euclidean",
            "n_neighbors": 3,
            "weights": "distance"
        },
        {
            "metric": "euclidean",
            "n_neighbors": 5,
            "weights": "uniform"
        },
        {
            "metric": "euclidean",
            "n_neighbors": 5,
            "weights": "distance"
        },
        {
            "metric": "euclidean",
            "n_neighbors": 7,
            "weights": "uniform"
        },
        {
            "metric": "euclidean",
            "n_neighbors": 7,
            "weights": "distance"
        },
        {
            "metric": "euclidean",
            "n_neighbors": 9,
            "weights": "uniform"
        },
        {
            "metric": "euclidean",
            "n_neighbors": 9,
            "weights": "distance"
        },
        {
            "metric": "manhattan",
            "n_neighbors": 3,
            "weights": "uniform"
        },
        {
            "metric": "manhattan",
            "n_neighbors": 3,
            "weights": "distance"
        },
        {
            "metric": "manhattan",
            "n_neighbors": 5,
            "weights": "uniform"
        },
        {
            "metric": "manhattan",
            "n_neighbors": 5,
            "weights": "distance"
        },
        {
            "metric": "manhattan",
            "n_neighbors": 7,
            "weights": "uniform"
        },
        {
            "metric": "manhattan",
            "n_neighbors": 7,
            "weights": "distance"
        },
        {
            "metric": "manhattan",
            "n_neighbors": 9,
            "weights": "uniform"
        },
        {
            "metric": "manhattan",
            "n_neighbors": 9,
            "weights": "distance"
        }
    ],
    "split0_test_score": [
        0.5801801801801801,
        0.581981981981982,
        0.5765765765765766,
        0.5783783783783784,
        0.5801801801801801,
        0.5837837837837838,
        0.6036036036036037,
        0.6054054054054054,
        0.5675675675675675,
        0.5693693693693693,
        0.5675675675675675,
        0.563963963963964,
        0.6018018018018018,
        0.5963963963963964,
        0.6270270270270271,
        0.618018018018018
    ],
    "split1_test_score": [
        0.5693693693693693,
        0.5621621621621622,
        0.6018018018018018,
        0.5945945945945946,
        0.5945945945945946,
        0.5873873873873874,
        0.5981981981981982,
        0.5981981981981982,
        0.5513513513513514,
        0.5513513513513514,
        0.5873873873873874,
        0.5873873873873874,
        0.5531531531531532,
        0.5567567567567567,
        0.5477477477477477,
        0.554954954954955
    ],
    "split2_test_score": [
        0.5866425992779783,
        0.5902527075812274,
        0.5974729241877257,
        0.5992779783393501,
        0.6335740072202166,
        0.631768953068592,
        0.6101083032490975,
        0.6083032490974729,
        0.5902527075812274,
        0.5902527075812274,
        0.6173285198555957,
        0.6119133574007221,
        0.5992779783393501,
        0.6064981949458483,
        0.6101083032490975,
        0.6064981949458483
    ],
    "split3_test_score": [
        0.5595667870036101,
        0.5613718411552346,
        0.575812274368231,
        0.5703971119133574,
        0.5884476534296029,
        0.5830324909747292,
        0.5848375451263538,
        0.5812274368231047,
        0.5613718411552346,
        0.5667870036101083,
        0.5974729241877257,
        0.5956678700361011,
        0.6083032490974729,
        0.6119133574007221,
        0.6046931407942239,
        0.6083032490974729
    ],
    "split4_test_score": [
        0.5577617328519856,
        0.5523465703971119,
        0.5902527075812274,
        0.5812274368231047,
        0.5884476534296029,
        0.5830324909747292,
        0.5974729241877257,
        0.5884476534296029,
        0.5595667870036101,
        0.5577617328519856,
        0.5740072202166066,
        0.5703971119133574,
        0.6046931407942239,
        0.5974729241877257,
        0.6191335740072202,
        0.6173285198555957
    ],
    "mean_test_score": [
        0.5707041337366247,
        0.5696230526555436,
        0.5883832569031126,
        0.5847751000097571,
        0.5970488177708394,
        0.5938010212378443,
        0.5988441148729958,
        0.5963163885907569,
        0.5660220509317982,
        0.5671044329528084,
        0.5887527238429766,
        0.5858659381403064,
        0.5934458646372003,
        0.5938075259374899,
        0.6017419585650632,
        0.6010205873743779
    ],