{
    "mean_fit_time": [
        0.0005283355712890625,
        0.0004885673522949218,
        0.0004593372344970703,
        0.00047955513000488283,
        0.0006934642791748047,
        0.0004498004913330078,
        0.0005777835845947266,
        0.0008402824401855469,
        0.0006613731384277344,
        0.0006505966186523438,
        0.000717782974243164,
        0.0006355762481689454,
        0.0010605812072753905,
        0.0008598804473876953,
        0.0010097980499267577,
        0.0007035732269287109
    ],
    "std_fit_time": [
        2.4517499582324307e-05,
        4.4020205662223094e-05,
        1.8118933606188447e-05,
        3.074568198476364e-05,
        0.00025472762387128173,
        4.6729457618023925e-05,
        0.0001627323457358062,
        0.0004249341659237801,
        0.00036727225595904175,
        0.0002650820665114726,
        0.0002916414803688682,
        0.00033923910637605957,
        0.00024405463015471924,
        0.00041782474992242154,
        0.00034362159412118173,
        0.00021577221251282543
    ],
    "mean_score_time": [
        0.012018442153930664,
        0.004563713073730468,
        0.012510871887207032,
        0.005023002624511719,
        0.012939786911010743,
        0.005542182922363281,
        0.014705038070678711,
        0.007642936706542969,
        0.01065840721130371,
        0.012125396728515625,
        0.013125085830688476,
        0.01255021095275879,
        0.012328815460205079,
        0.014257240295410156,
        0.012681818008422852,
        0.012330389022827149
    ],
    "std_score_time": [
        0.00044351713244889445,
        0.0002505885928612415,
        0.0005622149236703377,
        0.00035503230750874587,
        0.000866666359492603,
        0.00047835310765202027,
        0.0011571095052077146,
        0.0012919074570682469,
        0.0015340977737984896,
        0.0018175567163105392,
        0.002469381668745073,
        0.0021391249136199428,
        0.0023085727721599537,
        0.0015435854904884262,
        0.0010829814599259385,
        0.0006165593073621822
    ],
    "param_metric": [
        "euclidean",
        "euclidean",
        "euclidean",
        "euclidean",
        "euclidean",
        "euclidean",
        "euclidean",
        "euclidean",
        "manhattan",
        "manhattan",
        "manhattan",
        "manhattan",
        "manhattan",
        "manhattan",
        "manhattan",
        "manhattan"
    ],
    "param_n_neighbors": [
        9,
        9,
        13,
        13,
        15,
        15,
        20,
        20,
        9,
        9,
        13,
        13,
        15,
        15,
        20,
        20
    ],
    "param_weights": [
        "uniform",
        "distance",
        "uniform",
        "distance",
        "uniform",
        "distance",
        "uniform",
        "distance",
        "uniform",
        "distance",
        "uniform",
        "distance",
        "uniform",
        "distance",
        "uniform",
        "distance"
    ],
    "params": [
        {
            "metric": "euclidean",
            "n_neighbors": 9,
            "weights": "uniform"
        },
        {
            "metric": "euclidean",
            "n_neighbors": 9,
            "weights": "distance"
        },
        {
            "metric": "euclidean",
            "n_neighbors": 13,
            "weights": "uniform"
        },
        {
            "metric": "euclidean",
            "n_neighbors": 13,
            "weights": "distance"
        },
        {
            "metric": "euclidean",
            "n_neighbors": 15,
            "weights": "uniform"
        },
        {
            "metric": "euclidean",
            "n_neighbors": 15,
            "weights": "distance"
        },
        {
            "metric": "euclidean",
            "n_neighbors": 20,
            "weights": "uniform"
        },
        {
            "metric": "euclidean",
            "n_neighbors": 20,
            "weights": "distance"
        },
        {
            "metric": "manhattan",
            "n_neighbors": 9,
            "weights": "uniform"
        },
        {
            "metric": "manhattan",
            "n_neighbors": 9,
            "weights": "distance"
        },
        {
            "metric": "manhattan",
            "n_neighbors": 13,
            "weights": "uniform"
        },
        {
            "metric": "manhattan",
            "n_neighbors": 13,
            "weights": "distance"
        },
        {
            "metric": "manhattan",
            "n_neighbors": 15,
            "weights": "uniform"
        },
        {
            "metric": "manhattan",
            "n_neighbors": 15,
            "weights": "distance"
        },
        {
            "metric": "manhattan",
            "n_neighbors": 20,
            "weights": "uniform"
        },
        {
            "metric": "manhattan",
            "n_neighbors": 20,
            "weights": "distance"
        }
    ],
    "split0_test_score": [
        0.5693693693693693,
        0.5675675675675675,
        0.581981981981982,
        0.5837837837837838,
        0.5765765765765766,
        0.581981981981982,
        0.5873873873873874,
        0.5747747747747748,
        0.5873873873873874,
        0.572972972972973,
        0.5747747747747748,
        0.5765765765765766,
        0.5981981981981982,
        0.6,
        0.6,
        0.5873873873873874
    ],
    "split1_test_score": [
        0.5675675675675675,
        0.563963963963964,
        0.5675675675675675,
        0.5531531531531532,
        0.5315315315315315,
        0.527927927927928,
        0.5585585585585585,
        0.5495495495495496,
        0.5711711711711712,
        0.5711711711711712,
        0.5711711711711712,
        0.5531531531531532,
        0.5747747747747748,
        0.563963963963964,
        0.5585585585585585,
        0.5531531531531532
    ],
    "split2_test_score": [
        0.5902527075812274,
        0.5884476534296029,
        0.5830324909747292,
        0.5830324909747292,
        0.5992779783393501,
        0.592057761732852,
        0.6119133574007221,
        0.6119133574007221,
        0.5974729241877257,
        0.5992779783393501,
        0.6064981949458483,
        0.6083032490974729,
        0.6173285198555957,
        0.6245487364620939,
        0.5884476534296029,
        0.6010830324909747
    ],
    "split3_test_score": [
        0.5830324909747292,
        0.5812274368231047,
        0.5830324909747292,
        0.5830324909747292,
        0.5667870036101083,
        0.572202166064982,
        0.6119133574007221,
        0.6046931407942239,
        0.5848375451263538,
        0.5812274368231047,
        0.6083032490974729,
        0.6010830324909747,
        0.592057761732852,
        0.5812274368231047,
        0.5956678700361011,
        0.6010830324909747
    ],
    "split4_test_score": [
        0.5938628158844765,
        0.6010830324909747,
        0.592057761732852,
        0.592057761732852,
        0.5974729241877257,
        0.6010830324909747,
        0.5992779783393501,
        0.592057761732852,
        0.5938628158844765,
        0.592057761732852,
        0.6227436823104693,
        0.6101083032490975,
        0.6101083032490975,
        0.6046931407942239,
        0.6101083032490975,
        0.6064981949458483
    ],
    "mean_test_score": [
        0.580816990275474,
        0.5804579308550427,
        0.581534458646372,
        0.5790119361238494,
        0.5743292028490584,
        0.5750505740397438,
        0.593810127817348,
        0.5865977168504244,
        0.5869463687514229,
        0.5833414642078902,
        0.5966982144599473,
        0.589844862913455,
        0.5984935115621036,
        0.5948866556086773,
        0.590556477054672,
        0.5898409600936677
    ],