{
    "mean_fit_time": [
        0.0005897045135498047,
        0.0012398719787597655,
        0.0015909194946289063,
        0.0011265277862548828,
        0.0006022930145263671,
        0.0008692741394042969,
        0.0008768081665039062,
        0.000688934326171875,
        0.0008662223815917968,
        0.0008901596069335937,
        0.0010327816009521485,
        0.0008357048034667968,
        0.0012685298919677735,
        0.0007360458374023437,
        0.000850057601928711,
        0.0010712146759033203
    ],
    "std_fit_time": [
        4.08915596624787e-05,
        0.0005460505583802219,
        0.0003512681181381845,
        0.00038749082530990526,
        0.00011454611155646716,
        0.00043174101320359916,
        0.00045967086222159167,
        0.00019161899216053484,
        0.00041972926645676326,
        0.0003605540597634288,
        0.000401462266883671,
        0.00038653119469372784,
        0.00036818454324042766,
        0.0003977069858441019,
        0.0003090089701193845,
        0.00043267361353375175
    ],
    "mean_score_time": [
        0.0452573299407959,
        0.024313879013061524,
        0.016771793365478516,
        0.00543508529663086,
        0.014033937454223632,
        0.005071592330932617,
        0.01682558059692383,
        0.0061301708221435545,
        0.015299129486083984,
        0.01701035499572754,
        0.019303083419799805,
        0.017755556106567382,
        0.018818759918212892,
        0.019457197189331053,
        0.017826318740844727,
        0.016797876358032225
    ],
    "std_score_time": [
        0.004331232270526814,
        0.0020598785482743073,
        0.0023008691573178953,
        0.0009725789152587875,
        0.002447091601833282,
        0.0006484961053858846,
        0.0036071108304403404,
        0.0012309841226105975,
        0.0014832504752331104,
        0.005982906138990208,
        0.0038805551272001184,
        0.0025712609394704235,
        0.002785433391098268,
        0.0020256397950022174,
        0.0027472334451862685,
        0.0015696708178209848
    ],
    "param_metric": [
        "euclidean",
        "euclidean",
        "euclidean",
        "euclidean",
        "euclidean",
        "euclidean",
        "euclidean",
        "euclidean",
        "manhattan",
        "manhattan",
        "manhattan",
        "manhattan",
        "manhattan",
        "manhattan",
        "manhattan",
        "manhattan"
    ],
    "param_n_neighbors": [
        3,
        3,
        5,
        5,
        7,
        7,
        9,
        9,
        3,
        3,
        5,
        5,
        7,
        7,
        9,
        9
    ],
    "param_weights": [
        "uniform",
        "distance",
        "uniform",
        "distance",
        "uniform",
        "distance",
        "uniform",
        "distance",
        "uniform",
        "distance",
        "uniform",
        "distance",
        "uniform",
        "distance",
        "uniform",
        "distance"
    ],
    "params": [
        {
            "metric": "euclidean",
            "n_neighbors": 3,
            "weights": "uniform"
        },
        {
            "metric": "euclidean",
            "n_neighbors": 3,
            "weights": "distance"
        },
        {
            "metric": "euclidean",
            "n_neighbors": 5,
            "weights": "uniform"
        },
        {
            "metric": "euclidean",
            "n_neighbors": 5,
            "weights": "distance"
        },
        {
            "metric": "euclidean",
            "n_neighbors": 7,
            "weights": "uniform"
        },
        {
            "metric": "euclidean",
            "n_neighbors": 7,
            "weights": "distance"
        },
        {
            "metric": "euclidean",
            "n_neighbors": 9,
            "weights": "uniform"
        },
        {
            "metric": "euclidean",
            "n_neighbors": 9,
            "weights": "distance"
        },
        {
            "metric": "manhattan",
            "n_neighbors": 3,
            "weights": "uniform"
        },
        {
            "metric": "manhattan",
            "n_neighbors": 3,
            "weights": "distance"
        },
        {
            "metric": "manhattan",
            "n_neighbors": 5,
            "weights": "uniform"
        },
        {
            "metric": "manhattan",
            "n_neighbors": 5,
            "weights": "distance"
        },
        {
            "metric": "manhattan",
            "n_neighbors": 7,
            "weights": "uniform"
        },
        {
            "metric": "manhattan",
            "n_neighbors": 7,
            "weights": "distance"
        },
        {
            "metric": "manhattan",
            "n_neighbors": 9,
            "weights": "uniform"
        },
        {
            "metric": "manhattan",
            "n_neighbors": 9,
            "weights": "distance"
        }
    ],
    "split0_test_score": [
        0.5765765765765766,
        0.5801801801801801,
        0.5963963963963964,
        0.6,
        0.5981981981981982,
        0.6054054054054054,
        0.5927927927927928,
        0.5963963963963964,
        0.5693693693693693,
        0.5693693693693693,
        0.5801801801801801,
        0.5873873873873874,
        0.5945945945945946,
        0.6018018018018018,
        0.5945945945945946,
        0.590990990990991
    ],
    "split1_test_score": [
        0.5621621621621622,
        0.5603603603603604,
        0.5711711711711712,
        0.5693693693693693,
        0.5693693693693693,
        0.5675675675675675,
        0.5603603603603604,
        0.563963963963964,
        0.554954954954955,
        0.5531531531531532,
        0.5567567567567567,
        0.554954954954955,
        0.5531531531531532,
        0.5585585585585585,
        0.5441441441441441,
        0.5567567567567567
    ],
    "split2_test_score": [
        0.5703971119133574,
        0.5703971119133574,
        0.5631768953068592,
        0.5649819494584838,
        0.5577617328519856,
        0.5613718411552346,
        0.572202166064982,
        0.5740072202166066,
        0.5830324909747292,
        0.5848375451263538,
        0.5866425992779783,
        0.5866425992779783,
        0.5938628158844765,
        0.592057761732852,
        0.5848375451263538,
        0.5902527075812274
    ],
    "split3_test_score": [
        0.5703971119133574,
        0.5703971119133574,
        0.5938628158844765,
        0.5938628158844765,
        0.5866425992779783,
        0.5830324909747292,
        0.6119133574007221,
        0.6119133574007221,
        0.5794223826714802,
        0.5812274368231047,
        0.575812274368231,
        0.5703971119133574,
        0.5848375451263538,
        0.5848375451263538,
        0.5740072202166066,
        0.575812274368231
    ],
    "split4_test_score": [
        0.5523465703971119,
        0.5523465703971119,
        0.5848375451263538,
        0.5812274368231047,
        0.5902527075812274,
        0.592057761732852,
        0.5884476534296029,
        0.5938628158844765,
        0.5685920577617328,
        0.5649819494584838,
        0.5938628158844765,
        0.5902527075812274,
        0.5812274368231047,
        0.5794223826714802,
        0.5956678700361011,
        0.5902527075812274
    ],
    "mean_test_score": [
        0.5663759065925131,
        0.5667362669528735,
        0.5818889647770514,
        0.5818883143070869,
        0.5804449214557518,
        0.5818870133671578,
        0.5851432660096921,
        0.5880287507724332,
        0.5710742511464533,
        0.570713890786093,
        0.5786509252935246,
        0.5779269522229811,
        0.5815351091163367,
        0.5833356099782092,
        0.57865027482356,
        0.5808130874556867
    ],