{
    "mean_fit_time": [
        0.004404830932617188,
        0.012831306457519532,
        0.005371189117431641,
        0.013565635681152344,
        0.047355127334594724,
        0.058271598815917966,
        2.0990692138671876,
        0.5860135078430175,
        0.005368232727050781,
        0.00496525764465332,
        0.011411666870117188,
        0.007043170928955078,
        0.004913187026977539,
        0.01101093292236328,
        0.010586738586425781,
        0.004330253601074219,
        0.046573209762573245,
        0.012296009063720702,
        0.007616710662841797,
        0.24442458152770996,
        0.012040853500366211,
        0.01042037010192871,
        0.011389398574829101,
        0.017735910415649415,
        0.01319122314453125,
        0.010935068130493164,
        0.14040350914001465,
        0.11134862899780273,
        0.04916062355041504,
        0.5338924407958985,
        0.4938056945800781,
        0.48900294303894043
    ],
    "std_fit_time": [
        0.0012785339356891465,
        0.003438501683252153,
        0.001967052923048241,
        0.0029887102144506017,
        0.03320839601577918,
        0.052054052449815265,
        0.4486233126852031,
        0.02729098772440605,
        0.001759587166766676,
        0.0011904862009607746,
        0.00268976196730906,
        0.0021665634818366624,
        0.0019504163468025465,
        0.0013648114358434955,
        0.0026793602162245387,
        0.0013276409648808817,
        0.0043600894696459455,
        0.0009048776994007111,
        0.0019546458885812594,
        0.011938726715789107,
        0.003066169516666957,
        0.002394717755255419,
        0.0014266382440631126,
        0.0054865891862424096,
        0.004803984630229478,
        0.0028015949071856314,
        0.016008813307359013,
        0.05575200910954184,
        0.027565861720032565,
        0.050758628036812393,
        0.04911920098782232,
        0.054611757845146394
    ],
    "mean_score_time": [
        0.0010132312774658204,
        0.0009751319885253906,
        0.0006918907165527344,
        0.0006257534027099609,
        0.0005776405334472657,
        0.0007757186889648437,
        0.00053253173828125,
        0.0012006759643554688,
        0.0006979942321777344,
        0.0005382061004638672,
        0.0006325721740722656,
        0.0005747795104980469,
        0.0007517814636230468,
        0.0006487846374511718,
        0.0005529403686523437,
        0.0005280017852783203,
        0.0006597518920898437,
        0.0009255409240722656,
        0.00045752525329589844,
        0.0009641647338867188,
        0.0004428863525390625,
        0.0005929946899414062,
        0.0006733894348144531,
        0.0007755279541015625,
        0.0005733013153076172,
        0.0006055831909179688,
        0.0008963584899902344,
        0.0006506443023681641,
        0.0006333351135253906,
        0.0006697177886962891,
        0.0005049228668212891,
        0.0005292415618896485
    ],
    "std_score_time": [
        0.0006697946469051176,
        0.0006931774896855912,
        0.0002896551232598667,
        0.000126275050745352,
        4.622896286750872e-05,
        0.0003285841781705871,
        2.4337667656333588e-05,
        0.0005306785624060477,
        0.0003437599934433727,
        0.00011918769640860573,
        0.000324186550414049,
        0.00021300734833302324,
        0.00042039729252628296,
        0.00021791095021100358,
        0.0001324919652625442,
        0.00023502261118759268,
        0.00033084157887473256,
        0.0006167157490720457,
        5.5864683450559085e-05,
        0.00033335242038612053,
        6.259558903891295e-05,
        0.00038288982823759366,
        0.0002934914541614373,
        0.0003684842064935438,
        0.00024943267426141336,
        0.00032203334366206755,
        0.0005478032741219145,
        0.00034041040364880495,
        0.00027936987741087596,
        0.00028897551394367225,
        9.092965793071678e-05,
        4.4973201881617724e-05
    ],
    "param_C": [
        0.01,
        0.01,
        0.1,
        0.1,
        1.0,
        1.0,
        10.0,
        10.0,
        0.01,
        0.01,
        0.01,
        0.1,
        0.1,
        0.1,
        1.0,
        1.0,
        1.0,
        10.0,
        10.0,
        10.0,
        0.01,
        0.01,
        0.01,
        0.1,
        0.1,
        0.1,
        1.0,
        1.0,
        1.0,
        10.0,
        10.0,
        10.0
    ],
    "param_penalty": [
        "l1",
        "l1",
        "l1",
        "l1",
        "l1",
        "l1",
        "l1",
        "l1",
        "l2",
        "l2",
        "l2",
        "l2",
        "l2",
        "l2",
        "l2",
        "l2",
        "l2",
        "l2",
        "l2",
        "l2",
        "elasticnet",
        "elasticnet",
        "elasticnet",
        "elasticnet",
        "elasticnet",
        "elasticnet",
        "elasticnet",
        "elasticnet",
        "elasticnet",
        "elasticnet",
        "elasticnet",
        "elasticnet"
    ],
    "param_solver": [
        "liblinear",
        "saga",
        "liblinear",
        "saga",
        "liblinear",
        "saga",
        "liblinear",
        "saga",
        "liblinear",
        "newton-cg",
        "sag",
        "liblinear",
        "newton-cg",
        "sag",
        "liblinear",
        "newton-cg",
        "sag",
        "liblinear",
        "newton-cg",
        "sag",
        "saga",
        "saga",
        "saga",
        "saga",
        "saga",
        "saga",
        "saga",
        "saga",
        "saga",
        "saga",
        "saga",
        "saga"
    ],
    "param_l1_ratio": [
        null,
        null,
        null,
        null,
        null,
        null,
        null,
        null,
        null,
        null,
        null,
        null,
        null,
        null,
        null,
        null,
        null,
        null,
        null,
        null,
        0.1,
        0.5,
        0.9,
        0.1,
        0.5,
        0.9,
        0.1,
        0.5,
        0.9,
        0.1,
        0.5,
        0.9
    ],
    "params": [
        {
            "C": 0.01,
            "penalty": "l1",
            "solver": "liblinear"
        },
        {
            "C": 0.01,
            "penalty": "l1",
            "solver": "saga"
        },
        {
            "C": 0.1,
            "penalty": "l1",
            "solver": "liblinear"
        },
        {
            "C": 0.1,
            "penalty": "l1",
            "solver": "saga"
        },
        {
            "C": 1,
            "penalty": "l1",
            "solver": "liblinear"
        },
        {
            "C": 1,
            "penalty": "l1",
            "solver": "saga"
        },
        {
            "C": 10,
            "penalty": "l1",
            "solver": "liblinear"
        },
        {
            "C": 10,
            "penalty": "l1",
            "solver": "saga"
        },
        {
            "C": 0.01,
            "penalty": "l2",
            "solver": "liblinear"
        },
        {
            "C": 0.01,
            "penalty": "l2",
            "solver": "newton-cg"
        },
        {
            "C": 0.01,
            "penalty": "l2",
            "solver": "sag"
        },
        {
            "C": 0.1,
            "penalty": "l2",
            "solver": "liblinear"
        },
        {
            "C": 0.1,
            "penalty": "l2",
            "solver": "newton-cg"
        },
        {
            "C": 0.1,
            "penalty": "l2",
            "solver": "sag"
        },
        {
            "C": 1,
            "penalty": "l2",
            "solver": "liblinear"
        },
        {
            "C": 1,
            "penalty": "l2",
            "solver": "newton-cg"
        },
        {
            "C": 1,
            "penalty": "l2",
            "solver": "sag"
        },
        {
            "C": 10,
            "penalty": "l2",