{
    "mean_fit_time": [
        0.0030780792236328124,
        0.007850551605224609,
        0.0034671783447265624,
        0.007756567001342774,
        0.04108638763427734,
        0.0931617259979248,
        2.1227466106414794,
        0.5702044486999511,
        0.003557109832763672,
        0.003997230529785156,
        0.008277130126953126,
        0.0049594402313232425,
        0.003694915771484375,
        0.010799646377563477,
        0.0065978050231933595,
        0.0036086559295654295,
        0.06643037796020508,
        0.011655950546264648,
        0.006381416320800781,
        0.39037675857543946,
        0.010772228240966797,
        0.010092592239379883,
        0.009962034225463868,
        0.024383735656738282,
        0.011698198318481446,
        0.008973217010498047,
        0.17347197532653807,
        0.19237079620361328,
        0.09118294715881348,
        0.5972742557525634,
        0.5927062511444092,
        0.5731224060058594
    ],
    "std_fit_time": [
        0.0005973168491185025,
        0.000852259546134178,
        0.00022206924381550444,
        0.0007129140924116811,
        0.021235929588171547,
        0.05113678211839534,
        0.9938724541402385,
        0.08065960863308642,
        0.0012161038935585566,
        0.0020551147011446495,
        0.0019459903160513868,
        0.0007302972810436262,
        0.0021534750286804146,
        0.0024513863884218423,
        0.00038480780529408346,
        0.000467115321773668,
        0.0038968356921305074,
        0.003535412213662544,
        0.0020842313961482047,
        0.029861065725898795,
        0.002626021989054788,
        0.003488282979675218,
        0.0034291977159857053,
        0.006350226211222233,
        0.003525511429837827,
        0.002573565813655142,
        0.025498899857694768,
        0.08326920509276613,
        0.04118241313015906,
        0.06352225614535786,
        0.09133815041952521,
        0.07771326370378248
    ],
    "mean_score_time": [
        0.000389862060546875,
        0.00045313835144042967,
        0.0003891468048095703,
        0.00039539337158203127,
        0.0004199981689453125,
        0.00042848587036132814,
        0.0004792213439941406,
        0.0007450580596923828,
        0.0003672122955322266,
        0.00036320686340332033,
        0.0005137920379638672,
        0.0003966808319091797,
        0.000460052490234375,
        0.0005652427673339844,
        0.00038509368896484376,
        0.00038776397705078127,
        0.00042672157287597655,
        0.00038123130798339844,
        0.0005832672119140625,
        0.0008646011352539063,
        0.0008180618286132812,
        0.0004787445068359375,
        0.0006249427795410156,
        0.0005699634552001953,
        0.0003430366516113281,
        0.00036754608154296873,
        0.00042777061462402345,
        0.0008056163787841797,
        0.0003886222839355469,
        0.000804901123046875,
        0.0004979133605957031,
        0.0008629798889160156
    ],
    "std_score_time": [
        2.782678829238014e-05,
        7.95147372219168e-05,
        3.375636635407868e-05,
        5.189110129739976e-05,
        2.7001617224330292e-05,
        4.806211060573022e-05,
        3.569533026109695e-05,
        0.0003460847500176378,
        2.8027886224898233e-05,
        3.0429758433079038e-05,
        0.00032570435304212484,
        3.097217935945854e-05,
        0.0002526292354470902,
        0.0003203452715308819,
        4.5809237281881204e-05,
        3.7714352792049994e-05,
        2.1807885603700372e-05,
        5.3545437109398254e-05,
        0.0002880672135193422,
        0.0003422646177204457,
        0.000364020478503889,
        0.00022977946021401853,
        0.0003033866591896674,
        0.00029084927058088504,
        1.9234573097958286e-05,
        3.568564678516331e-05,
        3.110404067947484e-05,
        0.00043031421610813676,
        4.940916593607803e-05,
        0.00040803986801931914,
        2.8798201093682417e-05,
        0.0007490951128426755
    ],
    "param_C": [
        0.01,
        0.01,
        0.1,
        0.1,
        1.0,
        1.0,
        10.0,
        10.0,
        0.01,
        0.01,
        0.01,
        0.1,
        0.1,
        0.1,
        1.0,
        1.0,
        1.0,
        10.0,
        10.0,
        10.0,
        0.01,
        0.01,
        0.01,
        0.1,
        0.1,
        0.1,
        1.0,
        1.0,
        1.0,
        10.0,
        10.0,
        10.0
    ],
    "param_penalty": [
        "l1",
        "l1",
        "l1",
        "l1",
        "l1",
        "l1",
        "l1",
        "l1",
        "l2",
        "l2",
        "l2",
        "l2",
        "l2",
        "l2",
        "l2",
        "l2",
        "l2",
        "l2",
        "l2",
        "l2",
        "elasticnet",
        "elasticnet",
        "elasticnet",
        "elasticnet",
        "elasticnet",
        "elasticnet",
        "elasticnet",
        "elasticnet",
        "elasticnet",
        "elasticnet",
        "elasticnet",
        "elasticnet"
    ],
    "param_solver": [
        "liblinear",
        "saga",
        "liblinear",
        "saga",
        "liblinear",
        "saga",
        "liblinear",
        "saga",
        "liblinear",
        "newton-cg",
        "sag",
        "liblinear",
        "newton-cg",
        "sag",
        "liblinear",
        "newton-cg",
        "sag",
        "liblinear",
        "newton-cg",
        "sag",
        "saga",
        "saga",
        "saga",
        "saga",
        "saga",
        "saga",
        "saga",
        "saga",
        "saga",
        "saga",
        "saga",
        "saga"
    ],
    "param_l1_ratio": [
        null,
        null,
        null,
        null,
        null,
        null,
        null,
        null,
        null,
        null,
        null,
        null,
        null,
        null,
        null,
        null,
        null,
        null,
        null,
        null,
        0.1,
        0.5,
        0.9,
        0.1,
        0.5,
        0.9,
        0.1,
        0.5,
        0.9,
        0.1,
        0.5,
        0.9
    ],
    "params": [
        {
            "C": 0.01,
            "penalty": "l1",
            "solver": "liblinear"
        },
        {
            "C": 0.01,
            "penalty": "l1",
            "solver": "saga"
        },
        {
            "C": 0.1,
            "penalty": "l1",
            "solver": "liblinear"
        },
        {
            "C": 0.1,
            "penalty": "l1",
            "solver": "saga"
        },
        {
            "C": 1,
            "penalty": "l1",
            "solver": "liblinear"
        },
        {
            "C": 1,
            "penalty": "l1",
            "solver": "saga"
        },
        {
            "C": 10,
            "penalty": "l1",
            "solver": "liblinear"
        },
        {
            "C": 10,
            "penalty": "l1",
            "solver": "saga"
        },
        {
            "C": 0.01,
            "penalty": "l2",
            "solver": "liblinear"
        },
        {
            "C": 0.01,
            "penalty": "l2",
            "solver": "newton-cg"
        },
        {
            "C": 0.01,
            "penalty": "l2",
            "solver": "sag"
        },
        {
            "C": 0.1,
            "penalty": "l2",
            "solver": "liblinear"
        },
        {
            "C": 0.1,
            "penalty": "l2",
            "solver": "newton-cg"
        },
        {
            "C": 0.1,
            "penalty": "l2",
            "solver": "sag"
        },
        {
            "C": 1,
            "penalty": "l2",
            "solver": "liblinear"
        },
        {
            "C": 1,
            "penalty": "l2",
            "solver": "newton-cg"
        },
        {
            "C": 1,
            "penalty": "l2",
            "solver": "sag"
        },
        {
            "C": 10,
            "penalty": "l2",