{
    "mean_fit_time": [
        0.0025985240936279297,
        0.0077135562896728516,
        0.004015111923217773,
        0.009131193161010742,
        0.03186478614807129,
        0.024667739868164062,
        1.8914116859436034,
        0.5820177078247071,
        0.004381895065307617,
        0.00522146224975586,
        0.009361505508422852,
        0.004494714736938477,
        0.00673980712890625,
        0.010804986953735352,
        0.005093955993652343,
        0.004234027862548828,
        0.04469137191772461,
        0.010782003402709961,
        0.006220626831054688,
        0.23682312965393065,
        0.01034550666809082,
        0.007048892974853516,
        0.008798551559448243,
        0.012855195999145507,
        0.013344955444335938,
        0.011587381362915039,
        0.10792489051818847,
        0.0831148624420166,
        0.03478617668151855,
        0.6126075267791748,
        0.6470313549041748,
        0.5267765998840332
    ],
    "std_fit_time": [
        0.0005796583789697414,
        0.0008998087238024739,
        0.0017827543337508654,
        0.0008296657150901285,
        0.027736933115772102,
        0.01076301123971554,
        0.8165791242015914,
        0.058522247748159326,
        0.0023170235215082308,
        0.0023253811296006874,
        0.002563231351277652,
        0.0014421572414907008,
        0.003284541381869011,
        0.004547412895528362,
        0.0005932172501480901,
        0.002009860948296828,
        0.015436259747689474,
        0.005886398651724031,
        0.002137051351176061,
        0.02344477496795148,
        0.001935825539447098,
        0.0002304858586762082,
        0.0022899451333360933,
        0.0016397112629578218,
        0.004297945276486782,
        0.002911843449396787,
        0.032600059460251206,
        0.045055213417088694,
        0.01140026805402628,
        0.016998734014017778,
        0.04411590887995044,
        0.028452719383613354
    ],
    "mean_score_time": [
        0.0004192352294921875,
        0.0004237651824951172,
        0.0004115581512451172,
        0.0003825187683105469,
        0.0005518913269042969,
        0.0004213809967041016,
        0.0005457401275634766,
        0.0004947662353515625,
        0.0005306243896484375,
        0.0007524967193603515,
        0.000518178939819336,
        0.0004001617431640625,
        0.0007205486297607421,
        0.00038919448852539065,
        0.0003538608551025391,
        0.0007363796234130859,
        0.0008057117462158203,
        0.00047984123229980467,
        0.0005251884460449219,
        0.0006367206573486328,
        0.000498819351196289,
        0.0003356456756591797,
        0.00036683082580566404,
        0.0003575325012207031,
        0.0006031036376953125,
        0.000529623031616211,
        0.00043740272521972654,
        0.00042400360107421877,
        0.0005797863006591797,
        0.0009010791778564453,
        0.0006359100341796875,
        0.000479888916015625
    ],
    "std_score_time": [
        5.1850554296567575e-05,
        6.566284870747201e-05,
        3.9647052702832395e-05,
        3.6126071814267186e-05,
        0.00032061295851491085,
        3.579221150757221e-05,
        5.521189538434923e-05,
        1.5374874566571322e-05,
        0.0003237053081055344,
        0.00033262946167937873,
        0.00026842351678093304,
        4.0681951172930775e-05,
        0.00029247911709463586,
        4.1360394424923316e-05,
        2.249003859424184e-05,
        0.0005714553577029437,
        0.0005050659674892228,
        0.00022005327591529395,
        0.0002298737134088295,
        0.0003054627023400687,
        0.0002584937445197533,
        1.2206844984063969e-05,
        5.388314744788249e-05,
        2.7862799257905758e-05,
        0.0003134023095754491,
        0.00035041453684452436,
        6.587787933445867e-05,
        5.253581387164134e-05,
        0.00034397828911518426,
        0.0003828515298534868,
        0.0002526618953937158,
        2.4334304138475524e-05
    ],
    "param_C": [
        0.01,
        0.01,
        0.1,
        0.1,
        1.0,
        1.0,
        10.0,
        10.0,
        0.01,
        0.01,
        0.01,
        0.1,
        0.1,
        0.1,
        1.0,
        1.0,
        1.0,
        10.0,
        10.0,
        10.0,
        0.01,
        0.01,
        0.01,
        0.1,
        0.1,
        0.1,
        1.0,
        1.0,
        1.0,
        10.0,
        10.0,
        10.0
    ],
    "param_penalty": [
        "l1",
        "l1",
        "l1",
        "l1",
        "l1",
        "l1",
        "l1",
        "l1",
        "l2",
        "l2",
        "l2",
        "l2",
        "l2",
        "l2",
        "l2",
        "l2",
        "l2",
        "l2",
        "l2",
        "l2",
        "elasticnet",
        "elasticnet",
        "elasticnet",
        "elasticnet",
        "elasticnet",
        "elasticnet",
        "elasticnet",
        "elasticnet",
        "elasticnet",
        "elasticnet",
        "elasticnet",
        "elasticnet"
    ],
    "param_solver": [
        "liblinear",
        "saga",
        "liblinear",
        "saga",
        "liblinear",
        "saga",
        "liblinear",
        "saga",
        "liblinear",
        "newton-cg",
        "sag",
        "liblinear",
        "newton-cg",
        "sag",
        "liblinear",
        "newton-cg",
        "sag",
        "liblinear",
        "newton-cg",
        "sag",
        "saga",
        "saga",
        "saga",
        "saga",
        "saga",
        "saga",
        "saga",
        "saga",
        "saga",
        "saga",
        "saga",
        "saga"
    ],
    "param_l1_ratio": [
        null,
        null,
        null,
        null,
        null,
        null,
        null,
        null,
        null,
        null,
        null,
        null,
        null,
        null,
        null,
        null,
        null,
        null,
        null,
        null,
        0.1,
        0.5,
        0.9,
        0.1,
        0.5,
        0.9,
        0.1,
        0.5,
        0.9,
        0.1,
        0.5,
        0.9
    ],
    "params": [
        {
            "C": 0.01,
            "penalty": "l1",
            "solver": "liblinear"
        },
        {
            "C": 0.01,
            "penalty": "l1",
            "solver": "saga"
        },
        {
            "C": 0.1,
            "penalty": "l1",
            "solver": "liblinear"
        },
        {
            "C": 0.1,
            "penalty": "l1",
            "solver": "saga"
        },
        {
            "C": 1,
            "penalty": "l1",
            "solver": "liblinear"
        },
        {
            "C": 1,
            "penalty": "l1",
            "solver": "saga"
        },
        {
            "C": 10,
            "penalty": "l1",
            "solver": "liblinear"
        },
        {
            "C": 10,
            "penalty": "l1",
            "solver": "saga"
        },
        {
            "C": 0.01,
            "penalty": "l2",
            "solver": "liblinear"
        },
        {
            "C": 0.01,
            "penalty": "l2",
            "solver": "newton-cg"
        },
        {
            "C": 0.01,
            "penalty": "l2",
            "solver": "sag"
        },
        {
            "C": 0.1,
            "penalty": "l2",
            "solver": "liblinear"
        },
        {
            "C": 0.1,
            "penalty": "l2",
            "solver": "newton-cg"
        },
        {
            "C": 0.1,
            "penalty": "l2",
            "solver": "sag"
        },
        {
            "C": 1,
            "penalty": "l2",
            "solver": "liblinear"
        },
        {
            "C": 1,
            "penalty": "l2",
            "solver": "newton-cg"
        },
        {
            "C": 1,
            "penalty": "l2",
            "solver": "sag"
        },
        {
            "C": 10,
            "penalty": "l2",