{
    "mean_fit_time": [
        0.7135837078094482,
        1.074880886077881,
        1.1306366920471191,
        0.7741266250610351,
        1.253952980041504,
        1.7203613758087157,
        1.1379627227783202,
        1.6414512634277343,
        1.7602115631103517,
        1.0890806198120118,
        1.8217360019683837,
        2.638987827301025
    ],
    "std_fit_time": [
        0.03481120892084322,
        0.15348531725561468,
        0.2208721795039288,
        0.032708233510401835,
        0.060887809772193935,
        0.07593372531484988,
        0.02133633799368117,
        0.19451165162733264,
        0.31156875116085264,
        0.020704955496637402,
        0.0363057670068477,
        0.19234297374111115
    ],
    "mean_score_time": [
        0.0008504867553710937,
        0.0007205963134765625,
        0.0005423545837402344,
        0.0006902217864990234,
        0.0006872177124023438,
        0.0006855964660644531,
        0.0010419368743896484,
        0.0007805824279785156,
        0.001181173324584961,
        0.0009461402893066406,
        0.0006891250610351563,
        0.0005734920501708985
    ],
    "std_score_time": [
        0.00037388261244549587,
        0.00033358627883006795,
        2.778917610968103e-05,
        0.0003097457984635481,
        0.0002974938688635969,
        0.0002817313006409578,
        0.00045609937556814837,
        0.0003073321837071373,
        0.0002598581132771154,
        0.00041190971752139675,
        0.0001346079795244471,
        2.9748906903963284e-05
    ],
    "param_activation": [
        "relu",
        "relu",
        "relu",
        "relu",
        "relu",
        "relu",
        "relu",
        "relu",
        "relu",
        "relu",
        "relu",
        "relu"
    ],
    "param_hidden_layer_sizes": [
        [
            50
        ],
        [
            50
        ],
        [
            50
        ],
        [
            50
        ],
        [
            50
        ],
        [
            50
        ],
        [
            100
        ],
        [
            100
        ],
        [
            100
        ],
        [
            100
        ],
        [
            100
        ],
        [
            100
        ]
    ],
    "param_learning_rate": [
        "adaptive",
        "adaptive",
        "adaptive",
        "adaptive",
        "adaptive",
        "adaptive",
        "adaptive",
        "adaptive",
        "adaptive",
        "adaptive",
        "adaptive",
        "adaptive"
    ],
    "param_learning_rate_init": [
        0.001,
        0.001,
        0.001,
        0.01,
        0.01,
        0.01,
        0.001,
        0.001,
        0.001,
        0.01,
        0.01,
        0.01
    ],
    "param_max_iter": [
        300,
        500,
        1000,
        300,
        500,
        1000,
        300,
        500,
        1000,
        300,
        500,
        1000
    ],
    "param_solver": [
        "sgd",
        "sgd",
        "sgd",
        "sgd",
        "sgd",
        "sgd",
        "sgd",
        "sgd",
        "sgd",
        "sgd",
        "sgd",
        "sgd"
    ],
    "params": [
        {
            "activation": "relu",
            "hidden_layer_sizes": [
                50
            ],
            "learning_rate": "adaptive",
            "learning_rate_init": 0.001,
            "max_iter": 300,
            "solver": "sgd"
        },
        {
            "activation": "relu",
            "hidden_layer_sizes": [
                50
            ],
            "learning_rate": "adaptive",
            "learning_rate_init": 0.001,
            "max_iter": 500,
            "solver": "sgd"
        },
        {
            "activation": "relu",
            "hidden_layer_sizes": [
                50
            ],
            "learning_rate": "adaptive",
            "learning_rate_init": 0.001,
            "max_iter": 1000,
            "solver": "sgd"
        },
        {
            "activation": "relu",
            "hidden_layer_sizes": [
                50
            ],
            "learning_rate": "adaptive",
            "learning_rate_init": 0.01,
            "max_iter": 300,
            "solver": "sgd"
        },
        {
            "activation": "relu",
            "hidden_layer_sizes": [
                50
            ],
            "learning_rate": "adaptive",
            "learning_rate_init": 0.01,
            "max_iter": 500,
            "solver": "sgd"
        },
        {
            "activation": "relu",
            "hidden_layer_sizes": [
                50
            ],
            "learning_rate": "adaptive",
            "learning_rate_init": 0.01,
            "max_iter": 1000,
            "solver": "sgd"
        },
        {
            "activation": "relu",
            "hidden_layer_sizes": [
                100
            ],
            "learning_rate": "adaptive",
            "learning_rate_init": 0.001,
            "max_iter": 300,
            "solver": "sgd"
        },
        {
            "activation": "relu",
            "hidden_layer_sizes": [
                100
            ],
            "learning_rate": "adaptive",
            "learning_rate_init": 0.001,
            "max_iter": 500,
            "solver": "sgd"
        },
        {
            "activation": "relu",
            "hidden_layer_sizes": [
                100
            ],
            "learning_rate": "adaptive",
            "learning_rate_init": 0.001,
            "max_iter": 1000,
            "solver": "sgd"
        },
        {
            "activation": "relu",
            "hidden_layer_sizes": [
                100
            ],
            "learning_rate": "adaptive",
            "learning_rate_init": 0.01,
            "max_iter": 300,
            "solver": "sgd"
        },
        {
            "activation": "relu",
            "hidden_layer_sizes": [
                100
            ],
            "learning_rate": "adaptive",
            "learning_rate_init": 0.01,
            "max_iter": 500,
            "solver": "sgd"
        },
        {
            "activation": "relu",
            "hidden_layer_sizes": [
                100
            ],
            "learning_rate": "adaptive",
            "learning_rate_init": 0.01,
            "max_iter": 1000,
            "solver": "sgd"
        }
    ],
    "split0_test_score": [
        0.6252252252252253,
        0.6270270270270271,
        0.6270270270270271,
        0.6486486486486487,
        0.6234234234234234,
        0.6270270270270271,
        0.6234234234234234,
        0.6306306306306306,
        0.6306306306306306,
        0.6162162162162163,
        0.6414414414414414,
        0.6054054054054054
    ],
    "split1_test_score": [
        0.6162162162162163,
        0.6126126126126126,
        0.6144144144144145,
        0.6054054054054054,
        0.609009009009009,
        0.6108108108108108,
        0.6252252252252253,
        0.6360360360360361,
        0.6360360360360361,
        0.6018018018018018,
        0.5873873873873874,
        0.572972972972973
    ],
    "split2_test_score": [
        0.6119133574007221,
        0.6191335740072202,
        0.6191335740072202,
        0.6299638989169675,
        0.6046931407942239,
        0.6173285198555957,
        0.6263537906137184,
        0.6245487364620939,
        0.6245487364620939,
        0.6137184115523465,
        0.6083032490974729,
        0.6046931407942239
    ],
    "split3_test_score": [
        0.6064981949458483,
        0.6101083032490975,
        0.6101083032490975,
        0.6155234657039711,
        0.6028880866425993,
        0.5992779783393501,
        0.6191335740072202,
        0.6155234657039711,
        0.6155234657039711,
        0.6425992779783394,
        0.6028880866425993,
        0.5848375451263538
    ],