{
    "mean_fit_time": [
        0.4334536075592041,
        0.4892130851745605,
        0.7504833698272705,
        0.9317033290863037,
        0.444476842880249,
        0.5110054016113281,
        0.7249385833740234,
        0.9013108730316162,
        0.6328695774078369,
        0.5280526161193848,
        0.6946239948272706,
        0.6944058418273926,
        0.6347301959991455,
        0.5247769832611084,
        0.6918049812316894,
        0.7001797676086425,
        1.8362916469573975,
        0.9276129245758057,
        0.8204994201660156,
        0.5576437950134278,
        1.8632942199707032,
        0.9152533531188964,
        0.8366845130920411,
        0.541688346862793,
        12.179586696624757,
        6.50318751335144,
        1.9243281841278077,
        0.5486176490783692,
        12.145958471298218,
        6.541686630249023,
        1.861300802230835,
        0.5166581630706787
    ],
    "std_fit_time": [
        0.026729623999666722,
        0.03345804001599553,
        0.030550540882318178,
        0.03407561961797806,
        0.02023314592424118,
        0.02267408314915661,
        0.0206260623164854,
        0.015373059810780432,
        0.020583778743414393,
        0.02162749162647301,
        0.012439301096739465,
        0.021837826420802075,
        0.023690265550519226,
        0.013902840764478288,
        0.03182815173190328,
        0.028905574111090387,
        0.025387850634860213,
        0.04909993620618805,
        0.011286474438626001,
        0.0228661733370036,
        0.026340908057146846,
        0.04132819772565048,
        0.0431212450135804,
        0.0256995042407195,
        0.2495381407789911,
        0.35765654459797636,
        0.08598482941149521,
        0.01006617030004568,
        0.2680557114226068,
        0.32196743266188205,
        0.07029249181343751,
        0.02866198067775128
    ],
    "mean_score_time": [
        0.018717575073242187,
        0.02637929916381836,
        0.05580744743347168,
        0.03823156356811523,
        0.019763946533203125,
        0.02249937057495117,
        0.05320405960083008,
        0.04026880264282227,
        0.020915794372558593,
        0.018863964080810546,
        0.05510578155517578,
        0.02464118003845215,
        0.017777013778686523,
        0.018843412399291992,
        0.05322165489196777,
        0.02591361999511719,
        0.015515422821044922,
        0.01639566421508789,
        0.048183774948120116,
        0.022073984146118164,
        0.02023282051086426,
        0.016353797912597657,
        0.04450602531433105,
        0.02097001075744629,
        0.020252084732055663,
        0.016323614120483398,
        0.047989606857299805,
        0.021079587936401366,
        0.013171625137329102,
        0.016384220123291014,
        0.038070058822631835,
        0.018186235427856447
    ],
    "std_score_time": [
        0.004258602315960973,
        0.013996136157960538,
        0.004017648234970146,
        0.0035670597124832044,
        0.0076130000247619945,
        0.004245819260476555,
        0.0043908277857102685,
        0.0015696064359764512,
        0.002630166138657222,
        0.0027190206009980867,
        0.0038118319407599377,
        0.0037100635591775753,
        0.003575570927839921,
        0.0032714461961117977,
        0.00658123505662373,
        0.002395861957631618,
        0.0025289355435684307,
        0.003969137006011434,
        0.0036693756111932188,
        0.002628517390491211,
        0.0043828008950844745,
        0.0036009454331614957,
        0.0032453559806259703,
        0.001832341463475672,
        0.004359990628713947,
        0.005029716334689522,
        0.0076526027265599195,
        0.004498569025903886,
        0.0002908469565686983,
        0.0032185020892784104,
        0.004086200508799084,
        0.0025523017937554423
    ],
    "param_C": [
        0.1,
        0.1,
        0.1,
        0.1,
        0.1,
        0.1,
        0.1,
        0.1,
        1.0,
        1.0,
        1.0,
        1.0,
        1.0,
        1.0,
        1.0,
        1.0,
        10.0,
        10.0,
        10.0,
        10.0,
        10.0,
        10.0,
        10.0,
        10.0,
        100.0,
        100.0,
        100.0,
        100.0,
        100.0,
        100.0,
        100.0,
        100.0
    ],
    "param_gamma": [
        "scale",
        "scale",
        "scale",
        "scale",
        "auto",
        "auto",
        "auto",
        "auto",
        "scale",
        "scale",
        "scale",
        "scale",
        "auto",
        "auto",
        "auto",
        "auto",
        "scale",
        "scale",
        "scale",
        "scale",
        "auto",
        "auto",
        "auto",
        "auto",
        "scale",
        "scale",
        "scale",
        "scale",
        "auto",
        "auto",
        "auto",
        "auto"
    ],
    "param_kernel": [
        "linear",
        "poly",
        "rbf",
        "sigmoid",
        "linear",
        "poly",
        "rbf",
        "sigmoid",
        "linear",
        "poly",
        "rbf",
        "sigmoid",
        "linear",
        "poly",
        "rbf",
        "sigmoid",
        "linear",
        "poly",
        "rbf",
        "sigmoid",
        "linear",
        "poly",
        "rbf",
        "sigmoid",
        "linear",
        "poly",
        "rbf",
        "sigmoid",
        "linear",
        "poly",
        "rbf",
        "sigmoid"
    ],
    "params": [
        {
            "C": 0.1,
            "gamma": "scale",
            "kernel": "linear"
        },
        {
            "C": 0.1,
            "gamma": "scale",
            "kernel": "poly"
        },
        {
            "C": 0.1,
            "gamma": "scale",
            "kernel": "rbf"
        },
        {
            "C": 0.1,
            "gamma": "scale",
            "kernel": "sigmoid"
        },
        {
            "C": 0.1,
            "gamma": "auto",
            "kernel": "linear"
        },
        {
            "C": 0.1,
            "gamma": "auto",
            "kernel": "poly"
        },
        {
            "C": 0.1,
            "gamma": "auto",
            "kernel": "rbf"
        },
        {
            "C": 0.1,
            "gamma": "auto",
            "kernel": "sigmoid"
        },
        {
            "C": 1,
            "gamma": "scale",
            "kernel": "linear"
        },
        {
            "C": 1,
            "gamma": "scale",
            "kernel": "poly"
        },
        {
            "C": 1,
            "gamma": "scale",
            "kernel": "rbf"
        },
        {
            "C": 1,
            "gamma": "scale",
            "kernel": "sigmoid"
        },
        {
            "C": 1,
            "gamma": "auto",
            "kernel": "linear"
        },
        {
            "C": 1,
            "gamma": "auto",
            "kernel": "poly"
        },
        {
            "C": 1,
            "gamma": "auto",
            "kernel": "rbf"
        },
        {
            "C": 1,
            "gamma": "auto",
            "kernel": "sigmoid"
        },
        {
            "C": 10,
            "gamma": "scale",
            "kernel": "linear"
        },
        {
            "C": 10,
            "gamma": "scale",
            "kernel": "poly"
        },
        {
            "C": 10,
            "gamma": "scale",
            "kernel": "rbf"
        },
        {
            "C": 10,
            "gamma": "scale",
            "kernel": "sigmoid"
        },
        {
            "C": 10,
            "gamma": "auto",
            "kernel": "linear"
        },
        {
            "C": 10,
            "gamma": "auto",
            "kernel": "poly"
        },
        {
            "C": 10,
            "gamma": "auto",
            "kernel": "rbf"
        },
        {
            "C": 10,
            "gamma": "auto",
            "kernel": "sigmoid"
        },
        {
            "C": 100,
            "gamma": "scale",