{
    "model_name": "GBT",
    "train_mean_accuracy": 0.6706312811005952,
    "train_std_accuracy": 0.00539529409499271,
    "test_accuracy": 0.6627417998317914,
    "classification_report": {
        "0": {
            "precision": 0.6530612244897959,
            "recall": 0.697986577181208,
            "f1-score": 0.6747769667477697,
            "support": 596.0
        },
        "1": {
            "precision": 0.6739130434782609,
            "recall": 0.627318718381113,
            "f1-score": 0.6497816593886463,
            "support": 593.0
        },
        "accuracy": 0.6627417998317914,
        "macro avg": {
            "precision": 0.6634871339840284,
            "recall": 0.6626526477811605,
            "f1-score": 0.662279313068208,
            "support": 1189.0
        },
        "weighted avg": {
            "precision": 0.663460828072773,
            "recall": 0.6627417998317914,
            "f1-score": 0.6623108462566342,
            "support": 1189.0
        }
    }
}