{
    "mean_fit_time": [
        0.24484758377075194,
        0.2534513473510742,
        0.2447579860687256,
        0.2720609188079834,
        0.39885339736938474,
        0.4366886615753174,
        0.3952354431152344,
        0.47210373878479006,
        0.33176441192626954,
        0.3954103946685791,
        0.36023459434509275,
        0.39435343742370604,
        0.5694639682769775,
        0.6122927665710449,
        0.551619577407837,
        0.6443842887878418,
        0.6736680507659912,
        0.7396206855773926,
        0.693814468383789,
        0.7252661228179932,
        1.1892927646636964,
        1.2003159999847413,
        1.1920662879943849,
        0.9669658660888671
    ],
    "std_fit_time": [
        0.02802613570480465,
        0.022781724600314367,
        0.010864191751810009,
        0.01906085638453675,
        0.03274468431630878,
        0.02380376141083162,
        0.008476500826081883,
        0.004601648924446498,
        0.0066069344549095355,
        0.016822595197919482,
        0.007103541885599287,
        0.03661649013196082,
        0.03807642264630178,
        0.04819637873921702,
        0.03747012618249301,
        0.041841729587733086,
        0.04454327354858447,
        0.04249404078162042,
        0.03731192864812811,
        0.0388993994213869,
        0.039548828893180094,
        0.037869744423049405,
        0.02879035095918121,
        0.06134791557822123
    ],
    "mean_score_time": [
        0.0028310298919677736,
        0.002570486068725586,
        0.002506256103515625,
        0.004098224639892578,
        0.0033601760864257813,
        0.003394317626953125,
        0.0028047561645507812,
        0.004098033905029297,
        0.002172231674194336,
        0.004951858520507812,
        0.0022144317626953125,
        0.0023121356964111326,
        0.0034773826599121095,
        0.004433536529541015,
        0.003103971481323242,
        0.004301214218139648,
        0.002362823486328125,
        0.003751516342163086,
        0.0024375438690185545,
        0.0033295154571533203,
        0.0046233654022216795,
        0.004256296157836914,
        0.0036511898040771486,
        0.0023984432220458983
    ],
    "std_score_time": [
        0.00045627594133671606,
        0.00029167925120051887,
        0.0003573114266711212,
        0.001125026246132859,
        0.0009026144465944985,
        0.0008722853101165255,
        0.00048405743111136517,
        0.0009001728108984518,
        7.700041670640719e-05,
        0.0011801110319339802,
        0.0003020272783393143,
        9.126548606926355e-05,
        0.000606788340954543,
        0.0009380927175157864,
        0.0009116372646906978,
        0.0009217023550377103,
        0.0004426690631513576,
        0.0013356648349032386,
        0.0003827517365195524,
        0.0014482917240132994,
        0.001277198402483,
        0.0006216547153914255,
        0.001160882771172529,
        0.00027396655582726437
    ],
    "param_depth": [
        3,
        3,
        3,
        3,
        3,
        3,
        3,
        3,
        4,
        4,
        4,
        4,
        4,
        4,
        4,
        4,
        6,
        6,
        6,
        6,
        6,
        6,
        6,
        6
    ],
    "param_iterations": [
        300,
        300,
        300,
        300,
        500,
        500,
        500,
        500,
        300,
        300,
        300,
        300,
        500,
        500,
        500,
        500,
        300,
        300,
        300,
        300,
        500,
        500,
        500,
        500
    ],
    "param_l2_leaf_reg": [
        3,
        3,
        7,
        7,
        3,
        3,
        7,
        7,
        3,
        3,
        7,
        7,
        3,
        3,
        7,
        7,
        3,
        3,
        7,
        7,
        3,
        3,
        7,
        7
    ],
    "param_learning_rate": [
        0.001,
        0.01,
        0.001,
        0.01,
        0.001,
        0.01,
        0.001,
        0.01,
        0.001,
        0.01,
        0.001,
        0.01,
        0.001,
        0.01,
        0.001,
        0.01,
        0.001,
        0.01,
        0.001,
        0.01,
        0.001,
        0.01,
        0.001,
        0.01
    ],
    "params": [
        {
            "depth": 3,
            "iterations": 300,
            "l2_leaf_reg": 3,
            "learning_rate": 0.001
        },
        {
            "depth": 3,
            "iterations": 300,
            "l2_leaf_reg": 3,
            "learning_rate": 0.01
        },
        {
            "depth": 3,
            "iterations": 300,
            "l2_leaf_reg": 7,
            "learning_rate": 0.001
        },
        {
            "depth": 3,
            "iterations": 300,
            "l2_leaf_reg": 7,
            "learning_rate": 0.01
        },
        {
            "depth": 3,
            "iterations": 500,
            "l2_leaf_reg": 3,
            "learning_rate": 0.001
        },
        {
            "depth": 3,
            "iterations": 500,
            "l2_leaf_reg": 3,
            "learning_rate": 0.01
        },
        {
            "depth": 3,
            "iterations": 500,
            "l2_leaf_reg": 7,
            "learning_rate": 0.001
        },
        {
            "depth": 3,
            "iterations": 500,
            "l2_leaf_reg": 7,
            "learning_rate": 0.01
        },
        {
            "depth": 4,
            "iterations": 300,
            "l2_leaf_reg": 3,
            "learning_rate": 0.001
        },
        {
            "depth": 4,
            "iterations": 300,
            "l2_leaf_reg": 3,
            "learning_rate": 0.01
        },
        {
            "depth": 4,
            "iterations": 300,
            "l2_leaf_reg": 7,
            "learning_rate": 0.001
        },
        {
            "depth": 4,
            "iterations": 300,
            "l2_leaf_reg": 7,
            "learning_rate": 0.01
        },
        {
            "depth": 4,
            "iterations": 500,
            "l2_leaf_reg": 3,
            "learning_rate": 0.001
        },
        {
            "depth": 4,
            "iterations": 500,
            "l2_leaf_reg": 3,
            "learning_rate": 0.01
        },
        {
            "depth": 4,
            "iterations": 500,
            "l2_leaf_reg": 7,
            "learning_rate": 0.001
        },
        {
            "depth": 4,
            "iterations": 500,
            "l2_leaf_reg": 7,
            "learning_rate": 0.01
        },
        {
            "depth": 6,
            "iterations": 300,
            "l2_leaf_reg": 3,
            "learning_rate": 0.001
        },
        {
            "depth": 6,
            "iterations": 300,
            "l2_leaf_reg": 3,
            "learning_rate": 0.01
        },
        {
            "depth": 6,
            "iterations": 300,
            "l2_leaf_reg": 7,
            "learning_rate": 0.001
        },
        {
            "depth": 6,
            "iterations": 300,
            "l2_leaf_reg": 7,
            "learning_rate": 0.01
        },
        {
            "depth": 6,
            "iterations": 500,
            "l2_leaf_reg": 3,
            "learning_rate": 0.001
        },
        {
            "depth": 6,
            "iterations": 500,
            "l2_leaf_reg": 3,
            "learning_rate": 0.01
        },
        {
            "depth": 6,
            "iterations": 500,
            "l2_leaf_reg": 7,
            "learning_rate": 0.001
        },
        {
            "depth": 6,
            "iterations": 500,
            "l2_leaf_reg": 7,
            "learning_rate": 0.01
        }
    ],