{
    "mean_fit_time": [
        0.0004085063934326172,
        0.0005549430847167969,
        0.000505828857421875,
        0.0008829593658447266,
        0.001123332977294922,
        0.002558469772338867,
        0.0015112400054931641,
        0.0005213737487792969,
        0.0003891468048095703,
        0.0006212234497070312,
        0.00045194625854492185,
        0.0005235671997070312,
        0.0007025718688964844,
        0.0007460117340087891,
        0.0008614540100097656,
        0.0007951259613037109
    ],
    "std_fit_time": [
        3.190877972733798e-05,
        0.00025028339847096647,
        6.460441396368814e-05,
        0.0010046200707806345,
        0.00031548991423911227,
        0.0028353015740790006,
        0.0016543938395691081,
        0.00017549974603208105,
        5.973542171846554e-05,
        0.0003811874119845044,
        0.0001762241763933092,
        0.000293582059164773,
        0.00029595014138910156,
        0.00044082286468684963,
        0.0003764357837889229,
        0.00030177832944765616
    ],
    "mean_score_time": [
        0.0032751083374023436,
        0.004079961776733398,
        0.0035936832427978516,
        0.009822845458984375,
        0.011476278305053711,
        0.006513643264770508,
        0.005575132369995117,
        0.004886245727539063,
        0.008910846710205079,
        0.008787012100219727,
        0.010734987258911134,
        0.009945869445800781,
        0.011216545104980468,
        0.01024928092956543,
        0.010149335861206055,
        0.0104644775390625
    ],
    "std_score_time": [
        8.508803356705207e-05,
        0.0006175897715607206,
        0.00013637742794676716,
        0.004124813238875983,
        0.0020413257283836916,
        0.0018682333471981675,
        0.0017573302791047411,
        0.0009522825886483974,
        0.0005599825313628133,
        0.0003341597984576255,
        0.0024316029795280543,
        0.0011188337328501335,
        0.0015733852040812509,
        0.0009797633277138973,
        0.0007851736752597517,
        0.0005061183246107506
    ],
    "param_metric": [
        "euclidean",
        "euclidean",
        "euclidean",
        "euclidean",
        "euclidean",
        "euclidean",
        "euclidean",
        "euclidean",
        "manhattan",
        "manhattan",
        "manhattan",
        "manhattan",
        "manhattan",
        "manhattan",
        "manhattan",
        "manhattan"
    ],
    "param_n_neighbors": [
        3,
        3,
        5,
        5,
        7,
        7,
        9,
        9,
        3,
        3,
        5,
        5,
        7,
        7,
        9,
        9
    ],
    "param_weights": [
        "uniform",
        "distance",
        "uniform",
        "distance",
        "uniform",
        "distance",
        "uniform",
        "distance",
        "uniform",
        "distance",
        "uniform",
        "distance",
        "uniform",
        "distance",
        "uniform",
        "distance"
    ],
    "params": [
        {
            "metric": "euclidean",
            "n_neighbors": 3,
            "weights": "uniform"
        },
        {
            "metric": "euclidean",
            "n_neighbors": 3,
            "weights": "distance"
        },
        {
            "metric": "euclidean",
            "n_neighbors": 5,
            "weights": "uniform"
        },
        {
            "metric": "euclidean",
            "n_neighbors": 5,
            "weights": "distance"
        },
        {
            "metric": "euclidean",
            "n_neighbors": 7,
            "weights": "uniform"
        },
        {
            "metric": "euclidean",
            "n_neighbors": 7,
            "weights": "distance"
        },
        {
            "metric": "euclidean",
            "n_neighbors": 9,
            "weights": "uniform"
        },
        {
            "metric": "euclidean",
            "n_neighbors": 9,
            "weights": "distance"
        },
        {
            "metric": "manhattan",
            "n_neighbors": 3,
            "weights": "uniform"
        },
        {
            "metric": "manhattan",
            "n_neighbors": 3,
            "weights": "distance"
        },
        {
            "metric": "manhattan",
            "n_neighbors": 5,
            "weights": "uniform"
        },
        {
            "metric": "manhattan",
            "n_neighbors": 5,
            "weights": "distance"
        },
        {
            "metric": "manhattan",
            "n_neighbors": 7,
            "weights": "uniform"
        },
        {
            "metric": "manhattan",
            "n_neighbors": 7,
            "weights": "distance"
        },
        {
            "metric": "manhattan",
            "n_neighbors": 9,
            "weights": "uniform"
        },
        {
            "metric": "manhattan",
            "n_neighbors": 9,
            "weights": "distance"
        }
    ],
    "split0_test_score": [
        -15.678061155691466,
        -15.735315360481852,
        -14.779601233206957,
        -14.832616321974562,
        -14.413353851864422,
        -14.469150508531872,
        -14.395593067547898,
        -14.410697207874474,
        -15.481274814105907,
        -15.58184498326742,
        -14.603497051258858,
        -14.69890824769277,
        -14.446951098023478,
        -14.490714578792101,
        -14.271899289567378,
        -14.326077652668392
    ],
    "split1_test_score": [
        -16.41858001685194,
        -16.410191785308534,
        -15.778811199925135,
        -15.76363974339091,
        -15.33633950562783,
        -15.347793861237266,
        -15.214813011648348,
        -15.221355621823959,
        -16.549891205047206,
        -16.569079826389206,
        -15.923388656511099,
        -15.887548021063155,
        -15.415610171359507,
        -15.40365627894823,
        -15.062019858571352,
        -15.068148406196878
    ],
    "split2_test_score": [
        -16.586830445985843,
        -16.639234913269473,
        -15.524251436751472,
        -15.597781379283811,
        -15.415985831934714,
        -15.418957982520055,
        -15.121227972961053,
        -15.128290184175679,
        -16.75620952247767,
        -16.820565912739045,
        -15.86608443753724,
        -15.98806839073854,
        -15.319525873313713,
        -15.434711955753468,
        -15.221231093718373,
        -15.307236284053579
    ],
    "split3_test_score": [
        -16.150794868664857,
        -16.22918333460585,
        -14.974363169983905,
        -15.14690571237229,
        -14.741536575659545,
        -14.886822760686961,
        -14.427081576005971,
        -14.596826486834274,
        -15.943435664693599,
        -16.065561782195367,
        -15.06126358078297,
        -15.24217840994916,
        -14.498004903177142,
        -14.739308008676149,
        -14.28412293201406,
        -14.496755751699425
    ],
    "split4_test_score": [
        -15.891270904956885,
        -15.82546735454462,
        -15.139471923032957,
        -15.063798174910868,
        -14.8895921970547,
        -14.832015717955702,
        -14.609142348436603,
        -14.555055948677644,
        -15.846776862928364,
        -15.773825044601416,
        -15.21501016417764,
        -15.08746463872227,
        -14.833038972617569,
        -14.757698973719577,
        -14.711477661599579,
        -14.646381058789599
    ],
    "mean_test_score": [
        -16.145107478430198,
        -16.167878549642065,
        -15.239299792580084,
        -15.280948266386488,
        -14.959361592428243,
        -14.99094816618637,
        -14.753571595319974,
        -14.782445089877205,
        -16.11551761385055,
        -16.162175509838487,
        -15.33384877805356,
        -15.38083354163318,
        -14.902626203698281,
        -14.965217959177902,
        -14.710150167094147,
        -14.768919830681574
    ],