{
    "mean_fit_time": [
        0.002422189712524414,
        0.0015851497650146485,
        0.0011101245880126953,
        0.0010315895080566407
    ],
    "std_fit_time": [
        0.0019513802586477343,
        0.0009571902623052956,
        5.355825960798391e-05,
        7.09017571013337e-05
    ],
    "mean_score_time": [
        0.00026884078979492185,
        0.00028357505798339846,
        0.0002863883972167969,
        0.00025348663330078126
    ],
    "std_score_time": [
        6.604213576857759e-05,
        7.406059378984992e-05,
        6.482520055596657e-05,
        3.1951078588242386e-05
    ],
    "param_copy_X": [
        true,
        true,
        false,
        false
    ],
    "param_fit_intercept": [
        true,
        false,
        true,
        false
    ],
    "params": [
        {
            "copy_X": true,
            "fit_intercept": true
        },
        {
            "copy_X": true,
            "fit_intercept": false
        },
        {
            "copy_X": false,
            "fit_intercept": true
        },
        {
            "copy_X": false,
            "fit_intercept": false
        }
    ],
    "split0_test_score": [
        -204.9440824310348,
        -205.55478339309803,
        -204.9440824310348,
        -205.55478339309803
    ],
    "split1_test_score": [
        -216.7199139548302,
        -217.48977145496409,
        -216.7199139548302,
        -217.48977145496409
    ],
    "split2_test_score": [
        -215.12609952251123,
        -215.2781598738933,
        -215.12609952251123,
        -215.2781598738933
    ],
    "split3_test_score": [
        -196.5205927496186,
        -196.9219546502085,
        -196.5205927496186,
        -196.9219546502085
    ],
    "split4_test_score": [
        -212.69557431860338,
        -211.56960870395463,
        -212.69557431860338,
        -211.56960870395463
    ],
    "mean_test_score": [
        -209.20125259531966,
        -209.36285561522374,
        -209.20125259531966,
        -209.36285561522374
    ],
    "std_test_score": [
        7.520199412057011,
        7.418689582449482,
        7.520199412057011,
        7.418689582449482
    ],
    "rank_test_score": [
        1,
        3,
        1,
        3
    ]
}