{
    "mean_fit_time": [
        0.0009702205657958985,
        0.0008404731750488281
    ],
    "std_fit_time": [
        7.64170190426117e-05,
        8.59654745782739e-05
    ],
    "mean_score_time": [
        0.00022592544555664063,
        0.00023751258850097657
    ],
    "std_score_time": [
        2.022970052875859e-05,
        3.29136481452414e-05
    ],
    "param_fit_intercept": [
        true,
        false
    ],
    "params": [
        {
            "fit_intercept": true
        },
        {
            "fit_intercept": false
        }
    ],
    "split0_test_score": [
        -13.986818732989411,
        -13.99181420473552
    ],
    "split1_test_score": [
        -14.549285428511377,
        -14.574355857604376
    ],
    "split2_test_score": [
        -14.500063047959616,
        -14.50038398633207
    ],
    "split3_test_score": [
        -13.86440846748016,
        -13.884437546922774
    ],
    "split4_test_score": [
        -14.09895658094137,
        -14.10332833976745
    ],
    "mean_test_score": [
        -14.199906451576387,
        -14.210863987072438
    ],
    "std_test_score": [
        0.27579550446044815,
        0.2764232672283721
    ],
    "rank_test_score": [
        1,
        2
    ]
}