{
    "mean_fit_time": [
        0.001172018051147461,
        0.001025390625,
        0.0011696338653564454,
        0.0009599685668945313
    ],
    "std_fit_time": [
        0.00018519813802723336,
        0.0001637046203219557,
        0.00015437940093082685,
        3.462691503924833e-05
    ],
    "mean_score_time": [
        0.00020694732666015625,
        0.0002243518829345703,
        0.000240325927734375,
        0.00021295547485351564
    ],
    "std_score_time": [
        1.4768871549739083e-05,
        2.9941045241775228e-05,
        2.9530429347156942e-05,
        1.1295506373696368e-05
    ],
    "param_copy_X": [
        true,
        true,
        false,
        false
    ],
    "param_fit_intercept": [
        true,
        false,
        true,
        false
    ],
    "params": [
        {
            "copy_X": true,
            "fit_intercept": true
        },
        {
            "copy_X": true,
            "fit_intercept": false
        },
        {
            "copy_X": false,
            "fit_intercept": true
        },
        {
            "copy_X": false,
            "fit_intercept": false
        }
    ],
    "split0_test_score": [
        -198.2173811770394,
        -198.4079322871343,
        -198.2173811770394,
        -198.4079322871343
    ],
    "split1_test_score": [
        -212.78334597803143,
        -213.49216434808704,
        -212.78334597803143,
        -213.49216434808704
    ],
    "split2_test_score": [
        -213.15692083610213,
        -213.28297109035483,
        -213.15692083610213,
        -213.28297109035483
    ],
    "split3_test_score": [
        -193.00314139598507,
        -193.10138846484378,
        -193.00314139598507,
        -193.10138846484378
    ],
    "split4_test_score": [
        -203.13647709320318,
        -201.7570699282309,
        -203.13647709320318,
        -201.7570699282309
    ],
    "mean_test_score": [
        -204.05945329607226,
        -204.00830522373016,
        -204.05945329607226,
        -204.00830522373016
    ],
    "std_test_score": [
        7.951024383251395,
        8.140713499419002,
        7.951024383251395,
        8.140713499419002
    ],
    "rank_test_score": [
        3,
        1,
        3,
        1
    ]
}