{
    "mean_fit_time": [
        0.0007318973541259766,
        0.0021925449371337892,
        0.0009076118469238282,
        0.002161884307861328,
        0.0007205963134765625,
        0.001581716537475586,
        0.0006803035736083985,
        0.0016047954559326172,
        0.0009287834167480469,
        0.0019810676574707033,
        0.0007078170776367188,
        0.0016490459442138673,
        0.0007002353668212891,
        0.0016147613525390625,
        0.0006876468658447265,
        0.0019088268280029296
    ],
    "std_fit_time": [
        6.493349151450028e-05,
        0.0007773361181390777,
        0.00022200656288371795,
        0.0009787347060522657,
        0.00011454126806164867,
        0.00010842436084333544,
        6.941111340044766e-05,
        0.00010877877392140378,
        0.000586909851561785,
        0.0007487812384058468,
        0.00010422316496874295,
        4.98994992442992e-05,
        6.93105404304757e-05,
        0.00012898726292787522,
        5.36437352479911e-05,
        0.0010289313187198555
    ],
    "mean_score_time": [
        0.00021414756774902345,
        0.0002471923828125,
        0.00026192665100097654,
        0.00023140907287597657,
        0.00023736953735351563,
        0.00023021697998046876,
        0.00020623207092285156,
        0.0002181529998779297,
        0.0003006458282470703,
        0.00025844573974609375,
        0.00038418769836425783,
        0.00023684501647949218,
        0.00022706985473632812,
        0.00022373199462890624,
        0.00021200180053710939,
        0.00031962394714355467
    ],
    "std_score_time": [
        7.637436919425702e-06,
        3.466425763754167e-05,
        7.389923759135556e-05,
        2.4475081008563005e-05,
        3.871424413364775e-05,
        3.604731228321342e-05,
        8.966567438921477e-06,
        1.5896638100164706e-05,
        0.00013310471757629956,
        4.2689310972536917e-05,
        0.00032594819827299145,
        2.2874569817823726e-05,
        3.0235236141628547e-05,
        2.756993112178025e-05,
        3.685553333080215e-06,
        0.00019085192664260612
    ],
    "param_alpha": [
        0.01,
        0.01,
        0.01,
        0.01,
        0.1,
        0.1,
        0.1,
        0.1,
        1.0,
        1.0,
        1.0,
        1.0,
        10.0,
        10.0,
        10.0,
        10.0
    ],
    "param_solver": [
        "auto",
        "svd",
        "cholesky",
        "lsqr",
        "auto",
        "svd",
        "cholesky",
        "lsqr",
        "auto",
        "svd",
        "cholesky",
        "lsqr",
        "auto",
        "svd",
        "cholesky",
        "lsqr"
    ],
    "params": [
        {
            "alpha": 0.01,
            "solver": "auto"
        },
        {
            "alpha": 0.01,
            "solver": "svd"
        },
        {
            "alpha": 0.01,
            "solver": "cholesky"
        },
        {
            "alpha": 0.01,
            "solver": "lsqr"
        },
        {
            "alpha": 0.1,
            "solver": "auto"
        },
        {
            "alpha": 0.1,
            "solver": "svd"
        },
        {
            "alpha": 0.1,
            "solver": "cholesky"
        },
        {
            "alpha": 0.1,
            "solver": "lsqr"
        },
        {
            "alpha": 1,
            "solver": "auto"
        },
        {
            "alpha": 1,
            "solver": "svd"
        },
        {
            "alpha": 1,
            "solver": "cholesky"
        },
        {
            "alpha": 1,
            "solver": "lsqr"
        },
        {
            "alpha": 10,
            "solver": "auto"
        },
        {
            "alpha": 10,
            "solver": "svd"
        },
        {
            "alpha": 10,
            "solver": "cholesky"
        },
        {
            "alpha": 10,
            "solver": "lsqr"
        }
    ],
    "split0_test_score": [
        -198.15158057670084,
        -198.15158057673287,
        -198.15158057670084,
        -197.5738075989752,
        -197.82864815343385,
        -197.82864815344686,
        -197.82864815343385,
        -197.55333983997727,
        -197.40827122743232,
        -197.40827122743357,
        -197.40827122743232,
        -197.35651516730505,
        -196.9600169794646,
        -196.9600169794648,
        -196.9600169794646,
        -196.9713713504454
    ],
    "split1_test_score": [
        -212.77221717813754,
        -212.77221717813381,
        -212.77221717813754,
        -212.8603801422804,
        -212.7421160335773,
        -212.7421160335739,
        -212.7421160335773,
        -212.85071816355529,
        -212.74626355877928,
        -212.74626355877908,
        -212.74626355877928,
        -212.73892294096132,
        -212.4292855054002,
        -212.42928550540023,
        -212.4292855054002,
        -212.45864207544284
    ],
    "split2_test_score": [
        -213.1643714799661,
        -213.1643714799666,
        -213.1643714799661,
        -213.4406461511203,
        -213.25235225909435,
        -213.25235225909557,
        -213.25235225909435,
        -213.44411668764442,
        -213.47191940362782,
        -213.4719194036285,
        -213.47191940362782,
        -213.46913988585482,
        -213.36832948437373,
        -213.3683294843738,
        -213.36832948437373,
        -213.3641369875446
    ],
    "split3_test_score": [
        -192.6127305196688,
        -192.61273051967444,
        -192.6127305196688,
        -192.2491350217765,
        -192.44233933406767,
        -192.4423393340691,
        -192.44233933406767,
        -192.25498266967858,
        -192.35945585443733,
        -192.35945585443818,
        -192.35945585443733,
        -192.3126256455524,
        -192.66769874954826,
        -192.66769874954852,
        -192.66769874954826,
        -192.64307662991575
    ],
    "split4_test_score": [
        -201.580134029199,
        -201.58013402921023,
        -201.580134029199,
        -201.55723465129577,
        -201.50268181301107,
        -201.50268181301794,
        -201.50268181301107,
        -201.55421924265207,
        -201.48632164696392,
        -201.48632164696514,
        -201.48632164696392,
        -201.52891866512368,
        -201.33031505669572,
        -201.33031505669575,
        -201.33031505669572,
        -201.34717941373458
    ],
    "mean_test_score": [
        -203.65620675673446,
        -203.6562067567436,
        -203.65620675673446,
        -203.53624071308963,
        -203.55362751863686,
        -203.55362751864067,
        -203.55362751863686,
        -203.53147532070153,
        -203.4944463382481,
        -203.4944463382489,
        -203.4944463382481,
        -203.48122446095948,
        -203.35112915509654,
        -203.35112915509663,
        -203.35112915509654,
        -203.35688129141664
    ],
    "std_test_score": [
        8.124976272676717,
        8.12497627266955,
        8.124976272676717,
        8.389310480553924,
        8.233299155506579,
        8.23329915550357,
        8.233299155506579,
        8.389465751361772,
        8.369088313338677,
        8.36908831333833,
        8.369088313338677,
        8.384802884185577,
        8.268287789493415,
        8.268287789493337,
        8.268287789493415,
        8.277517322307727
    ],
    "rank_test_score": [
        14,
        16,
        14,
        10,
        11,
        13,
        11,
        9,
        6,
        8,
        6,
        5,
        1,
        3,
        1,
        4
    ]
}