{
    "mean_fit_time": [
        0.0021530628204345704,
        0.004317378997802735,
        0.0010898113250732422,
        0.0021616935729980467,
        0.0011439800262451171,
        0.0018386363983154297,
        0.0011255264282226563,
        0.0017796039581298828,
        0.000707244873046875,
        0.0025596141815185545,
        0.001120138168334961,
        0.0018308162689208984,
        0.0012874126434326172,
        0.0021511077880859374,
        0.0012202739715576171,
        0.002228069305419922
    ],
    "std_fit_time": [
        0.001396325358117137,
        0.0010030617140055844,
        0.00038128076283862664,
        0.0005112827454776276,
        0.0007962287550098823,
        0.00021066660252886004,
        0.0004259993198401666,
        0.0006406477740268224,
        9.93141570180585e-05,
        0.0010081751290304602,
        0.00048200294413910954,
        0.0005706118629631077,
        0.0008686775534308684,
        0.00028853402652336864,
        0.0008338516078799889,
        0.0005380193487376771
    ],
    "mean_score_time": [
        0.0004919052124023437,
        0.0004726886749267578,
        0.00025639533996582033,
        0.00025949478149414065,
        0.00027604103088378905,
        0.00028295516967773436,
        0.0003034114837646484,
        0.00022306442260742188,
        0.00022411346435546875,
        0.00045680999755859375,
        0.00036597251892089844,
        0.00030040740966796875,
        0.0002703666687011719,
        0.0002577781677246094,
        0.00023674964904785156,
        0.00035538673400878904
    ],
    "std_score_time": [
        0.00033326170478253865,
        0.00028392253851673954,
        3.987983892489735e-05,
        6.0355718630728235e-05,
        3.759956993614232e-05,
        8.444278525162492e-05,
        9.195735054356476e-05,
        3.339446916780386e-05,
        2.6454794896469493e-05,
        0.00023831675262368963,
        0.00018705854354142634,
        7.315045687152938e-05,
        6.817420745683489e-05,
        2.45797414137584e-05,
        2.375443643506343e-05,
        0.00015965549145641474
    ],
    "param_alpha": [
        0.01,
        0.01,
        0.01,
        0.01,
        0.1,
        0.1,
        0.1,
        0.1,
        1.0,
        1.0,
        1.0,
        1.0,
        10.0,
        10.0,
        10.0,
        10.0
    ],
    "param_solver": [
        "auto",
        "svd",
        "cholesky",
        "lsqr",
        "auto",
        "svd",
        "cholesky",
        "lsqr",
        "auto",
        "svd",
        "cholesky",
        "lsqr",
        "auto",
        "svd",
        "cholesky",
        "lsqr"
    ],
    "params": [
        {
            "alpha": 0.01,
            "solver": "auto"
        },
        {
            "alpha": 0.01,
            "solver": "svd"
        },
        {
            "alpha": 0.01,
            "solver": "cholesky"
        },
        {
            "alpha": 0.01,
            "solver": "lsqr"
        },
        {
            "alpha": 0.1,
            "solver": "auto"
        },
        {
            "alpha": 0.1,
            "solver": "svd"
        },
        {
            "alpha": 0.1,
            "solver": "cholesky"
        },
        {
            "alpha": 0.1,
            "solver": "lsqr"
        },
        {
            "alpha": 1,
            "solver": "auto"
        },
        {
            "alpha": 1,
            "solver": "svd"
        },
        {
            "alpha": 1,
            "solver": "cholesky"
        },
        {
            "alpha": 1,
            "solver": "lsqr"
        },
        {
            "alpha": 10,
            "solver": "auto"
        },
        {
            "alpha": 10,
            "solver": "svd"
        },
        {
            "alpha": 10,
            "solver": "cholesky"
        },
        {
            "alpha": 10,
            "solver": "lsqr"
        }
    ],
    "split0_test_score": [
        -204.93864943605797,
        -204.93864943606323,
        -204.93864943605797,
        -204.83688083696538,
        -204.90183871682137,
        -204.90183871682342,
        -204.90183871682137,
        -204.82925716862036,
        -204.7872686046798,
        -204.78726860467967,
        -204.7872686046798,
        -204.7849474839831,
        -204.44074016630285,
        -204.44074016630282,
        -204.44074016630285,
        -204.45518818438848
    ],
    "split1_test_score": [
        -216.74105726864954,
        -216.74105726863897,
        -216.74105726864954,
        -217.24700368820066,
        -216.86653575757816,
        -216.86653575757205,
        -216.86653575757816,
        -217.2348520254114,
        -217.02563110108167,
        -217.0256311010809,
        -217.02563110108167,
        -217.13316665720464,
        -216.75111474830226,
        -216.75111474830217,
        -216.75111474830226,
        -216.76340064100833
    ],
    "split2_test_score": [
        -215.1455304725219,
        -215.1455304725155,
        -215.1455304725219,
        -215.66867963001965,
        -215.26685123388384,
        -215.26685123388114,
        -215.26685123388384,
        -215.6473601006769,
        -215.47610044293316,
        -215.47610044293293,
        -215.47610044293316,
        -215.61004193464706,
        -215.28571415250116,
        -215.28571415250116,
        -215.28571415250116,
        -215.2411653878072
    ],
    "split3_test_score": [
        -196.43843922897636,
        -196.43843922901019,
        -196.43843922897636,
        -196.37234248863254,
        -196.04107738241615,
        -196.04107738242533,
        -196.04107738241615,
        -196.03267841361912,
        -195.665875769198,
        -195.6658757691985,
        -195.665875769198,
        -195.51499831641402,
        -195.85162587759905,
        -195.85162587759922,
        -195.85162587759905,
        -195.90923474870849
    ],
    "split4_test_score": [
        -211.389689342257,
        -211.38968934227157,
        -211.389689342257,
        -211.13386621073735,
        -211.25700685144884,
        -211.25700685145438,
        -211.25700685144884,
        -211.13174051340582,
        -211.13716250579958,
        -211.1371625057997,
        -211.13716250579958,
        -211.11202497679471,
        -210.93825690764413,
        -210.93825690764396,
        -210.93825690764413,
        -210.97828425353745
    ],
    "mean_test_score": [
        -208.93067314969252,
        -208.93067314969989,
        -208.93067314969252,
        -209.0517545709111,
        -208.86666198842968,
        -208.86666198843128,
        -208.86666198842968,
        -208.9751776443467,
        -208.81840768473845,
        -208.81840768473836,
        -208.81840768473845,
        -208.8310358738087,
        -208.6534903704699,
        -208.65349037046985,
        -208.6534903704699,
        -208.66945464308998
    ],
    "std_test_score": [
        7.452053058375096,
        7.452053058360874,
        7.452053058375096,
        7.665685169093903,
        7.627445120421348,
        7.627445120416661,
        7.627445120421348,
        7.772875220256822,
        7.826866436327771,
        7.826866436327431,
        7.826866436327771,
        7.9217535621055735,
        7.6995203716248986,
        7.699520371624815,
        7.6995203716248986,
        7.6761095828216925
    ],
    "rank_test_score": [
        12,
        14,
        12,
        16,
        9,
        11,
        9,
        15,
        6,
        5,
        6,
        8,
        2,
        1,
        2,
        4
    ]
}