{
    "mean_fit_time": [
        0.14535188674926758,
        0.17411599159240723,
        0.2232497215270996,
        0.22152576446533204,
        0.14635324478149414,
        0.15430645942687987,
        0.19739813804626466,
        0.21508412361145018,
        0.17121620178222657,
        0.16208996772766113,
        0.18358874320983887,
        0.21534690856933594,
        0.17707324028015137,
        0.18214101791381837,
        0.21188364028930665,
        0.23861346244812012,
        0.3356943607330322,
        0.2179274082183838,
        0.1993535041809082,
        0.2355334758758545,
        0.29776320457458494,
        0.19530563354492186,
        0.1929479122161865,
        0.23903417587280273,
        1.463945484161377,
        0.5803060531616211,
        0.2980818748474121,
        0.23822054862976075,
        1.3644560337066651,
        0.5596867084503174,
        0.312506103515625,
        0.22637495994567872
    ],
    "std_fit_time": [
        0.009028261907737657,
        0.010761022060749671,
        0.012727601136028522,
        0.017008440143945897,
        0.011529159314563862,
        0.010125069939621468,
        0.014347942037936587,
        0.02334250368755897,
        0.023240344075286953,
        0.011062231522070694,
        0.009288955515370371,
        0.015096295536291176,
        0.010867489294363595,
        0.01886125570321604,
        0.015313211700486967,
        0.011338324990838691,
        0.017096481644913147,
        0.01378657265541123,
        0.012610145680697047,
        0.00433219194884003,
        0.02403086711425185,
        0.00886220468623849,
        0.01695562176775507,
        0.014887074470292723,
        0.20088328364823738,
        0.031006645391023453,
        0.0212192476036835,
        0.021014846909285928,
        0.18915993669231856,
        0.03483306987307273,
        0.014765546853563093,
        0.01753602980362574
    ],
    "mean_score_time": [
        0.02966160774230957,
        0.030880069732666014,
        0.08470673561096191,
        0.045348834991455075,
        0.026882123947143555,
        0.03162937164306641,
        0.06474184989929199,
        0.044945049285888675,
        0.029472541809082032,
        0.03223118782043457,
        0.07850313186645508,
        0.046824169158935544,
        0.03158316612243652,
        0.03177995681762695,
        0.0766573429107666,
        0.051056528091430665,
        0.03419828414916992,
        0.04075980186462402,
        0.0782616138458252,
        0.04838438034057617,
        0.031347799301147464,
        0.032024478912353514,
        0.0695648193359375,
        0.04527182579040527,
        0.03487272262573242,
        0.03134617805480957,
        0.07698869705200195,
        0.04398403167724609,
        0.02381739616394043,
        0.03303790092468262,
        0.07272987365722657,
        0.03545103073120117
    ],
    "std_score_time": [
        0.003837978468401644,
        0.004851686252330689,
        0.0018776720150238293,
        0.005942426266031134,
        0.004325717281354655,
        0.0035686293602197696,
        0.013144092520671306,
        0.0042627956581152366,
        0.004667546061081417,
        0.004661900506234359,
        0.008174390195600673,
        0.006580147877211874,
        0.006943293371973316,
        0.0010142416633057104,
        0.004161957410958369,
        0.00796573566457736,
        0.0037524789978764287,
        0.013280035868458046,
        0.004992214728873413,
        0.006345418857190294,
        0.004072677561260867,
        0.0060479915669176335,
        0.009110267795902918,
        0.004569320738085686,
        0.012545539993252416,
        0.004207158814433844,
        0.010753108196784487,
        0.002892911854445554,
        0.0035533023285535103,
        0.007803454958537042,
        0.009402916956291427,
        0.002565385970040385
    ],
    "param_C": [
        0.1,
        0.1,
        0.1,
        0.1,
        0.1,
        0.1,
        0.1,
        0.1,
        1.0,
        1.0,
        1.0,
        1.0,
        1.0,
        1.0,
        1.0,
        1.0,
        10.0,
        10.0,
        10.0,
        10.0,
        10.0,
        10.0,
        10.0,
        10.0,
        100.0,
        100.0,
        100.0,
        100.0,
        100.0,
        100.0,
        100.0,
        100.0
    ],
    "param_gamma": [
        "scale",
        "scale",
        "scale",
        "scale",
        "auto",
        "auto",
        "auto",
        "auto",
        "scale",
        "scale",
        "scale",
        "scale",
        "auto",
        "auto",
        "auto",
        "auto",
        "scale",
        "scale",
        "scale",
        "scale",
        "auto",
        "auto",
        "auto",
        "auto",
        "scale",
        "scale",
        "scale",
        "scale",
        "auto",
        "auto",
        "auto",
        "auto"
    ],
    "param_kernel": [
        "linear",
        "poly",
        "rbf",
        "sigmoid",
        "linear",
        "poly",
        "rbf",
        "sigmoid",
        "linear",
        "poly",
        "rbf",
        "sigmoid",
        "linear",
        "poly",
        "rbf",
        "sigmoid",
        "linear",
        "poly",
        "rbf",
        "sigmoid",
        "linear",
        "poly",
        "rbf",
        "sigmoid",
        "linear",
        "poly",
        "rbf",
        "sigmoid",
        "linear",
        "poly",
        "rbf",
        "sigmoid"
    ],
    "params": [
        {
            "C": 0.1,
            "gamma": "scale",
            "kernel": "linear"
        },
        {
            "C": 0.1,
            "gamma": "scale",
            "kernel": "poly"
        },
        {
            "C": 0.1,
            "gamma": "scale",
            "kernel": "rbf"
        },
        {
            "C": 0.1,
            "gamma": "scale",
            "kernel": "sigmoid"
        },
        {
            "C": 0.1,
            "gamma": "auto",
            "kernel": "linear"
        },
        {
            "C": 0.1,
            "gamma": "auto",
            "kernel": "poly"
        },
        {
            "C": 0.1,
            "gamma": "auto",
            "kernel": "rbf"
        },
        {
            "C": 0.1,
            "gamma": "auto",
            "kernel": "sigmoid"
        },
        {
            "C": 1,
            "gamma": "scale",
            "kernel": "linear"
        },
        {
            "C": 1,
            "gamma": "scale",
            "kernel": "poly"
        },
        {
            "C": 1,
            "gamma": "scale",
            "kernel": "rbf"
        },
        {
            "C": 1,
            "gamma": "scale",
            "kernel": "sigmoid"
        },
        {
            "C": 1,
            "gamma": "auto",
            "kernel": "linear"
        },
        {
            "C": 1,
            "gamma": "auto",
            "kernel": "poly"
        },
        {
            "C": 1,
            "gamma": "auto",
            "kernel": "rbf"
        },
        {
            "C": 1,
            "gamma": "auto",
            "kernel": "sigmoid"
        },
        {
            "C": 10,
            "gamma": "scale",
            "kernel": "linear"
        },
        {
            "C": 10,
            "gamma": "scale",
            "kernel": "poly"
        },
        {
            "C": 10,
            "gamma": "scale",
            "kernel": "rbf"
        },
        {
            "C": 10,
            "gamma": "scale",
            "kernel": "sigmoid"
        },
        {
            "C": 10,
            "gamma": "auto",
            "kernel": "linear"
        },
        {
            "C": 10,
            "gamma": "auto",
            "kernel": "poly"
        },
        {
            "C": 10,
            "gamma": "auto",
            "kernel": "rbf"
        },
        {
            "C": 10,
            "gamma": "auto",
            "kernel": "sigmoid"
        },
        {
            "C": 100,
            "gamma": "scale",