{
    "mean_fit_time": [
        0.10144619941711426,
        0.12114567756652832,
        0.15943822860717774,
        0.10892019271850586,
        0.11731142997741699,
        0.14694199562072754,
        0.1142031192779541,
        0.1304090976715088,
        0.16869049072265624,
        0.11325702667236329,
        0.12131600379943848,
        0.15007491111755372,
        0.1372622013092041,
        0.1327563762664795,
        0.16416964530944825,
        0.14401636123657227,
        0.14702553749084474,
        0.1328423023223877
    ],
    "std_fit_time": [
        0.009442501268825303,
        0.010049557088969865,
        0.012169385201658382,
        0.007255368364159914,
        0.004633994987241854,
        0.008226844808227557,
        0.007948454179797679,
        0.01374792986030419,
        0.04427962059798335,
        0.008343030925847884,
        0.010547333157423136,
        0.0017851937790562824,
        0.009148548172661803,
        0.008614568727963677,
        0.005735355634493305,
        0.01527142665053912,
        0.005791526707140722,
        0.006500966067042639
    ],
    "mean_score_time": [
        0.02306656837463379,
        0.022685766220092773,
        0.061095571517944335,
        0.019980764389038085,
        0.0275632381439209,
        0.05831203460693359,
        0.023708677291870116,
        0.022020292282104493,
        0.06454157829284668,
        0.021947431564331054,
        0.024210166931152344,
        0.06011114120483398,
        0.018333911895751953,
        0.02460942268371582,
        0.06301050186157227,
        0.01868281364440918,
        0.026213693618774413,
        0.043474674224853516
    ],
    "std_score_time": [
        0.006715601872410602,
        0.0019321696248217597,
        0.008445780506257512,
        0.0036696817623883414,
        0.00761932505850844,
        0.007912801742767728,
        0.009713793390416187,
        0.004315283583072204,
        0.012840019874098973,
        0.004426482882360101,
        0.0061308893374206344,
        0.005602776670338234,
        0.0043249625799332515,
        0.004674839293433182,
        0.009773947901375306,
        0.0035672979973261866,
        0.006165843123083473,
        0.0005745242506020933
    ],
    "param_C": [
        0.01,
        0.01,
        0.01,
        0.01,
        0.01,
        0.01,
        0.1,
        0.1,
        0.1,
        0.1,
        0.1,
        0.1,
        1.0,
        1.0,
        1.0,
        1.0,
        1.0,
        1.0
    ],
    "param_gamma": [
        "scale",
        "scale",
        "scale",
        "auto",
        "auto",
        "auto",
        "scale",
        "scale",
        "scale",
        "auto",
        "auto",
        "auto",
        "scale",
        "scale",
        "scale",
        "auto",
        "auto",
        "auto"
    ],
    "param_kernel": [
        "linear",
        "poly",
        "rbf",
        "linear",
        "poly",
        "rbf",
        "linear",
        "poly",
        "rbf",
        "linear",
        "poly",
        "rbf",
        "linear",
        "poly",
        "rbf",
        "linear",
        "poly",
        "rbf"
    ],
    "params": [
        {
            "C": 0.01,
            "gamma": "scale",
            "kernel": "linear"
        },
        {
            "C": 0.01,
            "gamma": "scale",
            "kernel": "poly"
        },
        {
            "C": 0.01,
            "gamma": "scale",
            "kernel": "rbf"
        },
        {
            "C": 0.01,
            "gamma": "auto",
            "kernel": "linear"
        },
        {
            "C": 0.01,
            "gamma": "auto",
            "kernel": "poly"
        },
        {
            "C": 0.01,
            "gamma": "auto",
            "kernel": "rbf"
        },
        {
            "C": 0.1,
            "gamma": "scale",
            "kernel": "linear"
        },
        {
            "C": 0.1,
            "gamma": "scale",
            "kernel": "poly"
        },
        {
            "C": 0.1,
            "gamma": "scale",
            "kernel": "rbf"
        },
        {
            "C": 0.1,
            "gamma": "auto",
            "kernel": "linear"
        },
        {
            "C": 0.1,
            "gamma": "auto",
            "kernel": "poly"
        },
        {
            "C": 0.1,
            "gamma": "auto",
            "kernel": "rbf"
        },
        {
            "C": 1,
            "gamma": "scale",
            "kernel": "linear"
        },
        {
            "C": 1,
            "gamma": "scale",
            "kernel": "poly"
        },
        {
            "C": 1,
            "gamma": "scale",
            "kernel": "rbf"
        },
        {
            "C": 1,
            "gamma": "auto",
            "kernel": "linear"
        },
        {
            "C": 1,
            "gamma": "auto",
            "kernel": "poly"
        },
        {
            "C": 1,
            "gamma": "auto",
            "kernel": "rbf"
        }
    ],
    "split0_test_score": [
        -14.278665337991168,
        -15.052941456924946,
        -15.053747867648275,
        -14.278665337991168,
        -15.052645221646019,
        -15.053794681741367,
        -14.07227089609746,
        -14.816177545383697,
        -14.691722287649249,
        -14.07227089609746,
        -14.815527110687567,
        -14.691951154038355,
        -14.022906649995075,
        -14.556971375910527,
        -14.101672862179857,
        -14.022906649995075,
        -14.557133214961514,
        -14.101891984022897
    ],
    "split1_test_score": [
        -14.633626047172742,
        -15.254349193552326,
        -15.26032086043099,
        -14.633626047172742,
        -15.253633882188785,
        -15.260406297463454,
        -14.540599096829993,
        -15.052766986632365,
        -14.950961516327132,
        -14.540599096829993,
        -15.050331012770458,
        -14.951391840064684,
        -14.585125348619997,
        -14.749403347503835,
        -14.51004220497402,
        -14.585125348619997,
        -14.750067647655616,
        -14.51036936795776
    ],
    "split2_test_score": [
        -14.463442910067895,
        -15.012757366823868,
        -15.026946184795586,
        -14.463442910067895,
        -15.01096589715068,
        -15.027214165385066,
        -14.396305084265963,
        -14.83429680771262,
        -14.738987496119789,
        -14.396305084265963,
        -14.829771908152003,
        -14.74042200114426,
        -14.43856878672614,
        -14.519779137416748,
        -14.304190130248172,
        -14.43856878672614,
        -14.516071312231615,
        -14.304851468867245
    ],
    "split3_test_score": [
        -14.131445065494354,
        -14.856296643909404,
        -14.877446734899943,
        -14.131445065494354,
        -14.85858349852324,
        -14.877104167044148,
        -13.937172825731006,
        -14.60450061134123,
        -14.52490045760696,
        -13.937172825731006,
        -14.614390335143517,
        -14.522322470025566,
        -13.932656028233648,
        -14.15907832434807,
        -13.974122624918632,
        -13.932656028233648,
        -14.15950667811921,
        -13.972113247678891
    ],
    "split4_test_score": [
        -14.369139457377377,
        -15.076790637613012,
        -15.100212537588398,
        -14.369139457377377,
        -15.077246284514066,
        -15.100160662448523,
        -14.15238100657077,
        -14.831012356901912,
        -14.734564440259748,
        -14.15238100657077,
        -14.831966736445253,
        -14.734274238063312,
        -14.13254905869952,
        -14.430233755791042,
        -14.096999535647196,
        -14.13254905869952,
        -14.43123634849644,
        -14.096832875298306
    ],