{
    "mean_fit_time": [
        0.1429232120513916,
        0.17098183631896974,
        0.19632363319396973,
        0.23470377922058105,
        0.15852141380310059,
        0.16966609954833983,
        0.2151200294494629,
        0.23612942695617675,
        0.20201306343078612,
        0.18721213340759277,
        0.2293635845184326,
        0.24715900421142578,
        0.17438716888427735,
        0.18304715156555176,
        0.2072467803955078,
        0.22859635353088378,
        0.3187405109405518,
        0.21921615600585936,
        0.21483426094055175,
        0.2594797611236572,
        0.3304605960845947,
        0.21569557189941407,
        0.20827789306640626,
        0.26375737190246584,
        1.5349722862243653,
        0.6463206768035888,
        0.2949690341949463,
        0.25130252838134765,
        1.2110330581665039,
        0.44745984077453616,
        0.26660833358764646,
        0.19194564819335938
    ],
    "std_fit_time": [
        0.007175610631405748,
        0.010346929283185136,
        0.013663269353175484,
        0.007183070570244975,
        0.010027355507957662,
        0.007322269181780415,
        0.01483301645053748,
        0.017055791601207914,
        0.023610803567641805,
        0.024141875775475944,
        0.018598479845099034,
        0.01960199021091027,
        0.010420860071241312,
        0.015765227498681773,
        0.007861723148271424,
        0.00856689781295516,
        0.017951898378386354,
        0.014561758511154703,
        0.008276700270102074,
        0.016174797722058525,
        0.020115631299813284,
        0.011695312439001482,
        0.009351305350191613,
        0.00885932015687067,
        0.33294840427199857,
        0.1396922014232513,
        0.018784566565986652,
        0.018332983732894097,
        0.2743859233430417,
        0.03951921079835543,
        0.014747800653854335,
        0.014450012048637812
    ],
    "mean_score_time": [
        0.03264927864074707,
        0.03962111473083496,
        0.08463015556335449,
        0.04934449195861816,
        0.030590152740478514,
        0.031596136093139646,
        0.08882675170898438,
        0.0506739616394043,
        0.03387384414672852,
        0.032686614990234376,
        0.08253602981567383,
        0.04851441383361817,
        0.03421387672424316,
        0.03543386459350586,
        0.08279404640197754,
        0.04942221641540527,
        0.030632829666137694,
        0.033983373641967775,
        0.08552689552307129,
        0.04843721389770508,
        0.028765249252319335,
        0.03170924186706543,
        0.0804201602935791,
        0.04871459007263183,
        0.03475155830383301,
        0.03341526985168457,
        0.08423690795898438,
        0.04529242515563965,
        0.022519636154174804,
        0.0269869327545166,
        0.06942005157470703,
        0.0360015869140625
    ],
    "std_score_time": [
        0.004929052988825514,
        0.0030750543828081214,
        0.011788634936688072,
        0.00450382896033191,
        0.006252555136350166,
        0.0043273644991180275,
        0.01034897487482678,
        0.00452093992791425,
        0.006029066942626017,
        0.004678997030206637,
        0.0070331548072638415,
        0.004428820984103795,
        0.007628347686532913,
        0.0018750376584262315,
        0.007230322350658476,
        0.007399602043763272,
        0.005856047210889707,
        0.005945092885281529,
        0.005934562328276771,
        0.00873713525942009,
        0.005155366096169965,
        0.004958456433318137,
        0.01226044070186512,
        0.001899227690106997,
        0.01623056022222261,
        0.003256255520794297,
        0.006216278360551819,
        0.007681087789107921,
        0.0018613143013228059,
        0.004519048532671913,
        0.01052770801119684,
        0.0013337718144851064
    ],
    "param_C": [
        0.1,
        0.1,
        0.1,
        0.1,
        0.1,
        0.1,
        0.1,
        0.1,
        1.0,
        1.0,
        1.0,
        1.0,
        1.0,
        1.0,
        1.0,
        1.0,
        10.0,
        10.0,
        10.0,
        10.0,
        10.0,
        10.0,
        10.0,
        10.0,
        100.0,
        100.0,
        100.0,
        100.0,
        100.0,
        100.0,
        100.0,
        100.0
    ],
    "param_gamma": [
        "scale",
        "scale",
        "scale",
        "scale",
        "auto",
        "auto",
        "auto",
        "auto",
        "scale",
        "scale",
        "scale",
        "scale",
        "auto",
        "auto",
        "auto",
        "auto",
        "scale",
        "scale",
        "scale",
        "scale",
        "auto",
        "auto",
        "auto",
        "auto",
        "scale",
        "scale",
        "scale",
        "scale",
        "auto",
        "auto",
        "auto",
        "auto"
    ],
    "param_kernel": [
        "linear",
        "poly",
        "rbf",
        "sigmoid",
        "linear",
        "poly",
        "rbf",
        "sigmoid",
        "linear",
        "poly",
        "rbf",
        "sigmoid",
        "linear",
        "poly",
        "rbf",
        "sigmoid",
        "linear",
        "poly",
        "rbf",
        "sigmoid",
        "linear",
        "poly",
        "rbf",
        "sigmoid",
        "linear",
        "poly",
        "rbf",
        "sigmoid",
        "linear",
        "poly",
        "rbf",
        "sigmoid"
    ],
    "params": [
        {
            "C": 0.1,
            "gamma": "scale",
            "kernel": "linear"
        },
        {
            "C": 0.1,
            "gamma": "scale",
            "kernel": "poly"
        },
        {
            "C": 0.1,
            "gamma": "scale",
            "kernel": "rbf"
        },
        {
            "C": 0.1,
            "gamma": "scale",
            "kernel": "sigmoid"
        },
        {
            "C": 0.1,
            "gamma": "auto",
            "kernel": "linear"
        },
        {
            "C": 0.1,
            "gamma": "auto",
            "kernel": "poly"
        },
        {
            "C": 0.1,
            "gamma": "auto",
            "kernel": "rbf"
        },
        {
            "C": 0.1,
            "gamma": "auto",
            "kernel": "sigmoid"
        },
        {
            "C": 1,
            "gamma": "scale",
            "kernel": "linear"
        },
        {
            "C": 1,
            "gamma": "scale",
            "kernel": "poly"
        },
        {
            "C": 1,
            "gamma": "scale",
            "kernel": "rbf"
        },
        {
            "C": 1,
            "gamma": "scale",
            "kernel": "sigmoid"
        },
        {
            "C": 1,
            "gamma": "auto",
            "kernel": "linear"
        },
        {
            "C": 1,
            "gamma": "auto",
            "kernel": "poly"
        },
        {
            "C": 1,
            "gamma": "auto",
            "kernel": "rbf"
        },
        {
            "C": 1,
            "gamma": "auto",
            "kernel": "sigmoid"
        },
        {
            "C": 10,
            "gamma": "scale",
            "kernel": "linear"
        },
        {
            "C": 10,
            "gamma": "scale",
            "kernel": "poly"
        },
        {
            "C": 10,
            "gamma": "scale",
            "kernel": "rbf"
        },
        {
            "C": 10,
            "gamma": "scale",
            "kernel": "sigmoid"
        },
        {
            "C": 10,
            "gamma": "auto",
            "kernel": "linear"
        },
        {
            "C": 10,
            "gamma": "auto",
            "kernel": "poly"
        },
        {
            "C": 10,
            "gamma": "auto",
            "kernel": "rbf"
        },
        {
            "C": 10,
            "gamma": "auto",
            "kernel": "sigmoid"
        },
        {
            "C": 100,
            "gamma": "scale",