{
    "mean_fit_time": [
        0.200378942489624,
        0.22233858108520507,
        0.25537686347961425,
        0.24941868782043458,
        0.17265753746032714,
        0.19311962127685547,
        0.22339162826538086,
        0.24975137710571288,
        0.2008920669555664,
        0.17803258895874025,
        0.20258893966674804,
        0.23270559310913086,
        0.18010387420654297,
        0.1870368480682373,
        0.22046303749084473,
        0.25769243240356443,
        0.27559075355529783,
        0.20390219688415528,
        0.2189432144165039,
        0.3056769371032715,
        0.3001814365386963,
        0.2201991558074951,
        0.25133166313171384,
        0.2986161708831787,
        1.0095197677612304,
        0.381272554397583,
        0.28225297927856446,
        0.2182065486907959,
        0.9042433261871338,
        0.25744190216064455,
        0.24842095375061035,
        0.18270692825317383
    ],
    "std_fit_time": [
        0.008519183743850902,
        0.016613745966240268,
        0.01637763094760748,
        0.005028774599706066,
        0.010253877299575156,
        0.00996499993041198,
        0.0060571913574994345,
        0.01657482450065031,
        0.01404387174605707,
        0.014645479694499258,
        0.01527533479366766,
        0.01261049433396378,
        0.009609644721022282,
        0.01957655970185582,
        0.016087684849550383,
        0.008628424278525122,
        0.01450603220296231,
        0.009472797994555134,
        0.017931502849382188,
        0.030764803216294767,
        0.017844282136522477,
        0.0046630233556162635,
        0.009889437746983115,
        0.00489706148739439,
        0.15914152900506456,
        0.02591940241782051,
        0.015617479249915724,
        0.028521470121766493,
        0.15664575482488788,
        0.06148745910628858,
        0.03355217080038745,
        0.007118545908754056
    ],
    "mean_score_time": [
        0.028016424179077147,
        0.05010581016540527,
        0.08696236610412597,
        0.04805388450622559,
        0.04851212501525879,
        0.03171067237854004,
        0.09498391151428223,
        0.055068683624267575,
        0.03303351402282715,
        0.030927038192749022,
        0.09151220321655273,
        0.057703065872192386,
        0.03800444602966309,
        0.032838964462280275,
        0.09468770027160645,
        0.05239701271057129,
        0.03919296264648438,
        0.035794401168823244,
        0.087776517868042,
        0.05488309860229492,
        0.03845853805541992,
        0.03697757720947266,
        0.10646438598632812,
        0.05397467613220215,
        0.04616246223449707,
        0.037554597854614256,
        0.09567012786865234,
        0.03748998641967773,
        0.024619007110595705,
        0.03479022979736328,
        0.06978521347045899,
        0.0343381404876709
    ],
    "std_score_time": [
        0.0015184160556334894,
        0.016650404691378875,
        0.013726725613416979,
        0.0022101692529066714,
        0.013159445143030763,
        0.005330955297850339,
        0.01174816331883793,
        0.009055986424148461,
        0.005115722904509996,
        0.0034015907751842062,
        0.004554444743513339,
        0.0041830123250828225,
        0.007035378184791845,
        0.008415537150195442,
        0.004433126288955911,
        0.008309914320239873,
        0.0054290719422423455,
        0.008595300817747606,
        0.009748499766329096,
        0.00851409636148093,
        0.006798017060353709,
        0.008664090551156238,
        0.009653052969633393,
        0.011907819332905573,
        0.015052573396775458,
        0.010165030095894442,
        0.006778095404493558,
        0.0033754630768516062,
        0.0039725207366570255,
        0.01117469770443349,
        0.011740628623411083,
        0.0016201761345837312
    ],
    "param_C": [
        0.1,
        0.1,
        0.1,
        0.1,
        0.1,
        0.1,
        0.1,
        0.1,
        1.0,
        1.0,
        1.0,
        1.0,
        1.0,
        1.0,
        1.0,
        1.0,
        10.0,
        10.0,
        10.0,
        10.0,
        10.0,
        10.0,
        10.0,
        10.0,
        100.0,
        100.0,
        100.0,
        100.0,
        100.0,
        100.0,
        100.0,
        100.0
    ],
    "param_gamma": [
        "scale",
        "scale",
        "scale",
        "scale",
        "auto",
        "auto",
        "auto",
        "auto",
        "scale",
        "scale",
        "scale",
        "scale",
        "auto",
        "auto",
        "auto",
        "auto",
        "scale",
        "scale",
        "scale",
        "scale",
        "auto",
        "auto",
        "auto",
        "auto",
        "scale",
        "scale",
        "scale",
        "scale",
        "auto",
        "auto",
        "auto",
        "auto"
    ],
    "param_kernel": [
        "linear",
        "poly",
        "rbf",
        "sigmoid",
        "linear",
        "poly",
        "rbf",
        "sigmoid",
        "linear",
        "poly",
        "rbf",
        "sigmoid",
        "linear",
        "poly",
        "rbf",
        "sigmoid",
        "linear",
        "poly",
        "rbf",
        "sigmoid",
        "linear",
        "poly",
        "rbf",
        "sigmoid",
        "linear",
        "poly",
        "rbf",
        "sigmoid",
        "linear",
        "poly",
        "rbf",
        "sigmoid"
    ],
    "params": [
        {
            "C": 0.1,
            "gamma": "scale",
            "kernel": "linear"
        },
        {
            "C": 0.1,
            "gamma": "scale",
            "kernel": "poly"
        },
        {
            "C": 0.1,
            "gamma": "scale",
            "kernel": "rbf"
        },
        {
            "C": 0.1,
            "gamma": "scale",
            "kernel": "sigmoid"
        },
        {
            "C": 0.1,
            "gamma": "auto",
            "kernel": "linear"
        },
        {
            "C": 0.1,
            "gamma": "auto",
            "kernel": "poly"
        },
        {
            "C": 0.1,
            "gamma": "auto",
            "kernel": "rbf"
        },
        {
            "C": 0.1,
            "gamma": "auto",
            "kernel": "sigmoid"
        },
        {
            "C": 1,
            "gamma": "scale",
            "kernel": "linear"
        },
        {
            "C": 1,
            "gamma": "scale",
            "kernel": "poly"
        },
        {
            "C": 1,
            "gamma": "scale",
            "kernel": "rbf"
        },
        {
            "C": 1,
            "gamma": "scale",
            "kernel": "sigmoid"
        },
        {
            "C": 1,
            "gamma": "auto",
            "kernel": "linear"
        },
        {
            "C": 1,
            "gamma": "auto",
            "kernel": "poly"
        },
        {
            "C": 1,
            "gamma": "auto",
            "kernel": "rbf"
        },
        {
            "C": 1,
            "gamma": "auto",
            "kernel": "sigmoid"
        },
        {
            "C": 10,
            "gamma": "scale",
            "kernel": "linear"
        },
        {
            "C": 10,
            "gamma": "scale",
            "kernel": "poly"
        },
        {
            "C": 10,
            "gamma": "scale",
            "kernel": "rbf"
        },
        {
            "C": 10,
            "gamma": "scale",
            "kernel": "sigmoid"
        },
        {
            "C": 10,
            "gamma": "auto",
            "kernel": "linear"
        },
        {
            "C": 10,
            "gamma": "auto",
            "kernel": "poly"
        },
        {
            "C": 10,
            "gamma": "auto",
            "kernel": "rbf"
        },
        {
            "C": 10,
            "gamma": "auto",
            "kernel": "sigmoid"
        },
        {
            "C": 100,
            "gamma": "scale",