{
    "mean_fit_time": [
        0.015312623977661134,
        0.028880786895751954,
        0.05701947212219238,
        0.02721824645996094,
        0.054482126235961915,
        0.08930416107177734,
        0.022103500366210938,
        0.03641996383666992,
        0.05626645088195801,
        0.031884193420410156,
        0.060840415954589847,
        0.08237457275390625,
        0.020628976821899413,
        0.03804779052734375,
        0.05016703605651855,
        0.031390142440795896,
        0.05525517463684082,
        0.08511600494384766,
        0.0170285701751709,
        0.027771377563476564,
        0.040558910369873045,
        0.02045917510986328,
        0.031380748748779295,
        0.03707270622253418
    ],
    "std_fit_time": [
        0.000475363442457922,
        0.0024125460563064476,
        0.005471986156782933,
        0.0026743247719561254,
        0.004597114288506961,
        0.008689340323148298,
        0.0020367425662744442,
        0.0077795498194986835,
        0.0101171464068991,
        0.004790161122739663,
        0.00928592607619224,
        0.010947334829210016,
        0.006302577890315156,
        0.0034217795832611093,
        0.00452156341911576,
        0.003906697595343237,
        0.008706386594426437,
        0.012588119288459574,
        0.0037266589969172214,
        0.0024592983455489813,
        0.002564802270490228,
        0.0027666084604482596,
        0.005651060373517487,
        0.0019021785904842431
    ],
    "mean_score_time": [
        0.0006785392761230469,
        0.0012331485748291015,
        0.0011351585388183593,
        0.0008255481719970703,
        0.0018316745758056641,
        0.0016431808471679688,
        0.0011753082275390626,
        0.0011447906494140626,
        0.0013192176818847656,
        0.001218414306640625,
        0.0014719486236572266,
        0.001272869110107422,
        0.0006844043731689453,
        0.0018587589263916015,
        0.0013718128204345704,
        0.001546955108642578,
        0.0010195255279541015,
        0.0016357898712158203,
        0.0008562564849853516,
        0.0018242359161376952,
        0.001027059555053711,
        0.0013683795928955077,
        0.001355886459350586,
        0.001050424575805664
    ],
    "std_score_time": [
        3.2064950069924496e-05,
        0.0005266771514071821,
        0.0002764204647705853,
        0.0001137895324780727,
        0.0008201832629361702,
        0.0007253975914676371,
        0.0005922305334388894,
        0.0006634653445388312,
        0.0006109390076752871,
        0.0005799968272787631,
        0.0007647737476486893,
        5.0927547908699445e-05,
        3.658108711488192e-05,
        0.0008364847998271199,
        0.000693824731504398,
        0.0006675875287298443,
        1.3654038649532368e-05,
        0.0005624070007425777,
        0.0001152583176684623,
        0.0006995949253362098,
        3.8636287981209125e-05,
        0.0006371630002229538,
        0.0005649528134631347,
        0.00018522023588439282
    ],
    "param_colsample_bytree": [
        0.8,
        0.8,
        0.8,
        0.8,
        0.8,
        0.8,
        0.8,
        0.8,
        0.8,
        0.8,
        0.8,
        0.8,
        0.8,
        0.8,
        0.8,
        0.8,
        0.8,
        0.8,
        0.8,
        0.8,
        0.8,
        0.8,
        0.8,
        0.8
    ],
    "param_learning_rate": [
        0.01,
        0.01,
        0.01,
        0.01,
        0.01,
        0.01,
        0.1,
        0.1,
        0.1,
        0.1,
        0.1,
        0.1,
        0.0,
        0.0,
        0.0,
        0.0,
        0.0,
        0.0,
        15.0,
        15.0,
        15.0,
        15.0,
        15.0,
        15.0
    ],
    "param_max_depth": [
        2,
        2,
        2,
        3,
        3,
        3,
        2,
        2,
        2,
        3,
        3,
        3,
        2,
        2,
        2,
        3,
        3,
        3,
        2,
        2,
        2,
        3,
        3,
        3
    ],
    "param_n_estimators": [
        100,
        200,
        300,
        100,
        200,
        300,
        100,
        200,
        300,
        100,
        200,
        300,
        100,
        200,
        300,
        100,
        200,
        300,
        100,
        200,
        300,
        100,
        200,
        300
    ],
    "param_subsample": [
        1.0,
        1.0,
        1.0,
        1.0,
        1.0,
        1.0,
        1.0,
        1.0,
        1.0,
        1.0,
        1.0,
        1.0,
        1.0,
        1.0,
        1.0,
        1.0,
        1.0,
        1.0,
        1.0,
        1.0,
        1.0,
        1.0,
        1.0,
        1.0
    ],
    "params": [
        {
            "colsample_bytree": 0.8,
            "learning_rate": 0.01,
            "max_depth": 2,
            "n_estimators": 100,
            "subsample": 1.0
        },
        {
            "colsample_bytree": 0.8,
            "learning_rate": 0.01,
            "max_depth": 2,
            "n_estimators": 200,
            "subsample": 1.0
        },
        {
            "colsample_bytree": 0.8,
            "learning_rate": 0.01,
            "max_depth": 2,
            "n_estimators": 300,
            "subsample": 1.0
        },
        {
            "colsample_bytree": 0.8,
            "learning_rate": 0.01,
            "max_depth": 3,
            "n_estimators": 100,
            "subsample": 1.0
        },
        {
            "colsample_bytree": 0.8,
            "learning_rate": 0.01,
            "max_depth": 3,
            "n_estimators": 200,
            "subsample": 1.0
        },
        {
            "colsample_bytree": 0.8,
            "learning_rate": 0.01,
            "max_depth": 3,
            "n_estimators": 300,
            "subsample": 1.0
        },
        {
            "colsample_bytree": 0.8,
            "learning_rate": 0.1,
            "max_depth": 2,
            "n_estimators": 100,
            "subsample": 1.0
        },
        {
            "colsample_bytree": 0.8,
            "learning_rate": 0.1,
            "max_depth": 2,
            "n_estimators": 200,
            "subsample": 1.0
        },
        {
            "colsample_bytree": 0.8,
            "learning_rate": 0.1,
            "max_depth": 2,
            "n_estimators": 300,
            "subsample": 1.0
        },
        {
            "colsample_bytree": 0.8,
            "learning_rate": 0.1,
            "max_depth": 3,
            "n_estimators": 100,
            "subsample": 1.0
        },
        {
            "colsample_bytree": 0.8,
            "learning_rate": 0.1,
            "max_depth": 3,
            "n_estimators": 200,
            "subsample": 1.0
        },
        {
            "colsample_bytree": 0.8,
            "learning_rate": 0.1,
            "max_depth": 3,
            "n_estimators": 300,
            "subsample": 1.0
        },
        {
            "colsample_bytree": 0.8,
            "learning_rate": 0,
            "max_depth": 2,
            "n_estimators": 100,
            "subsample": 1.0
        },
        {
            "colsample_bytree": 0.8,
            "learning_rate": 0,
            "max_depth": 2,
            "n_estimators": 200,
            "subsample": 1.0
        },
        {
            "colsample_bytree": 0.8,
            "learning_rate": 0,
            "max_depth": 2,
            "n_estimators": 300,
            "subsample": 1.0
        },
        {
            "colsample_bytree": 0.8,
            "learning_rate": 0,
            "max_depth": 3,
            "n_estimators": 100,
            "subsample": 1.0
        },
        {
            "colsample_bytree": 0.8,
            "learning_rate": 0,
            "max_depth": 3,
            "n_estimators": 200,
            "subsample": 1.0
        },
        {
            "colsample_bytree": 0.8,
            "learning_rate": 0,
            "max_depth": 3,
            "n_estimators": 300,